jfcode,name,status,product_id,sku,image_url
HW0145,Hangerworld 10 Satin Hangers 38 cm Pink Cotton Padded for Tops Dresses,End Of Line,9430,HW0145,https://m.media-amazon.com/images/I/31UAwQ3e7xL.jpg
HW0207,PH-43-TOP-BLACK_1,Live,3259,HW0207,https://m.media-amazon.com/images/I/71SYso-6PfL._AC_SL1500_.jpg
HW0238,WH-BELT-SWIVEL-CEDAR_2,End Of Line,8518,HW0238,https://m.media-amazon.com/images/I/71vz3VpqmVL._AC_SL1500_.jpg
HW0293,Hangerworld 30cm Black Shoulder Covers with Gusset - Pack of 20,Live,,,
HW0309,"Hangerworld White Plastic 29cm Coat Hangers with Trouser/Skirt Bar - For Baby & Toddler Clothes, Pack of 20",Live,3204,HW0309,https://m.media-amazon.com/images/I/81eGoUbDLHL._AC_SL1500_.jpg
HW0310,HANGERWORLD 40 White Plastic 29cm Childrens Coat Clothes Garment Trouser Skirt Bar Hangers.,End Of Line,3205,HW0310,https://m.media-amazon.com/images/I/81eGoUbDLHL._AC_SL1500_.jpg
HW0322,Hangerworld 20 Pink 30cm Childrens Plastic Top Coat Clothes Garment Baby Toddler Hangers.,Live,8619,HW0322,https://m.media-amazon.com/images/I/61JNn0IrP3L._AC_SL1500_.jpg
HW0349,Hangerworld Medium Black Wedding Dress Bridal Gown pH Neutral Space Saving Storage Travel Box with Acid Free Tissue,Live,8666,HW0349,https://m.media-amazon.com/images/I/71CirBRONcL._AC_SL1500_.jpg
HW0612,"Hangerworld Pack of Clear Polythene Shirt Suit Dress Garment Clothes Cover Bags 80 Gauge (54"" (50 Pack))",End Of Line,9432,HW0612,https://m.media-amazon.com/images/I/61gLfzu9VUL._AC_SL1500_.jpg
HW0617,Hangerworld 50 Clear 40inch Dry 80 Gauge Cleaning Laundrette Polythylene Garment Clothes Cover Protector Bags,End Of Line,9334,HW0617,https://m.media-amazon.com/images/I/71pLt59qLBL._AC_SL1500_.jpg
HW0619,Hangerworld 20 Clear 40inch Dry Cleaning Laundry Polythylene Garment Clothes Cover Protector Bags 80 Gauge,Live,9435,HW0619,https://m.media-amazon.com/images/I/71pLt59qLBL._AC_SL1500_.jpg
HW0624,HANGERWORLD 50 Clear 45inch Dry Cleaning Laundry Polythylene Garment Clothes Cover Protector Bags 80 Gauge,End Of Line,9332,HW0624,https://m.media-amazon.com/images/I/61-3c2MxsVL._AC_SL1500_.jpg
HW0625,HANGERWORLD 20 Clear 45inch Dry Cleaning Laundry Polythylene Garment Cover Protector Bags 80 Gauge,Live,9328,HW0625,https://m.media-amazon.com/images/I/61-3c2MxsVL._AC_SL1500_.jpg
HW0769,Hangerworld 12 Collapsible Plastic Clothes Hangers 40 cm Black Space Saving for Travel,End Of Line,9286,HW0769,https://m.media-amazon.com/images/I/31fj5Db2p2L.jpg
HW0844,HANGERWORLD 20 Simply Essential Value Wooden Trouser Bar Hangers – 45cm,End Of Line,9358,HW0844,https://m.media-amazon.com/images/I/71O5vizmZxL._AC_SL1500_.jpg
HW0951,Hangerworld 100 Black Metal Hangers (40CM),Live,9685,HW0951,https://m.media-amazon.com/images/I/7140g0S6EYL._AC_SL1500_.jpg
HW0952,HANGERWORLD 20 Pack Black Wire Hangers,End Of Line,9686,HW0952,https://m.media-amazon.com/images/I/7140g0S6EYL._AC_SL1500_.jpg
HW0959,HANGERWORLD 50 Pack Multi Colored Wire Hangers,End Of Line,9690,HW0959,https://m.media-amazon.com/images/I/81RGgQs73VL._AC_SL1500_.jpg
HW0982,"HANGERWORLD 20 Pack Clear Dry Cleaning Plastic Garment Bag - 38inch, 100 Gauge Thick",End Of Line,9330,HW0982,
HW0983,"HANGERWORLD 50 Pack Clear Dry Cleaning Plastic Garment Bag - 38inch, 100 Gauge Thick",End Of Line,,,
HW1093,Silver Metal Wire Clothes Hangers (500 Pack),Live,9943,HW1093,
JF0131,JFA Adhesive Wound Dressings 60 x 70mm single pouch,End Of Line,,,
JF0133,JFA Adhesive Wound Dressings 60 x 86mm single pouch,Live,,,
JF0135,JFA Adhesive Wound Dressings 80 x 100mm single pouch,Live,,,
JF0137,JFA Adhesive Wound Dressings 80 x 150mm single pouch,Live,,,
JF0139,JFA Adhesive Wound Dressings 100 x 200mm single pouch,Live,,,
JF0165,"JFA Wound Closure Strips 3 x 75mm, 5 strips, single pouch",Live,,,
JF0167,"JFA Wound Closure Strips 6 x 75mm, 3 strips, single pouch",Live,,,
JF0171,"JFA Therapy Putty 57g Extra Soft, Tan",Live,,,
JF0172,"JFA Therapy Putty 57g Soft, Yellow",Live,,,
JF0173,"JFA Therapy Putty 57g Medium, Red",Live,,,
JF0174,"JFA Therapy Putty 57g Firm, Green",Live,,,
JF0175,"JFA Therapy Putty 57g Extra Firm, Blue",Live,,,
JF0178,JFA Face Masks EN14683 Type IIR Fluid Resistant X50,End Of Line,2301,JF0178,
JF0184,SALINE-INH-2.5ML-20,End Of Line,2519,JF0184,
JF0190,JFA Compression Bandages 7.5cm (single),Live,,,
JF0191,JFA Compression Bandages 10cm (single),Live,,,
JF0192,Lemon Glycerin Swabs POUCH,Live,,,
JF0196,JFA Conforming Bandage 7.5cm x 4m (single),Live,,,
JF0198,BUNION-RELIEF-KIT,End Of Line,2218,JF0198,
JF0200,JFA Medical Glycerin Swabsticks Blackcurrant - Box of 75 POUCH,Live,,,
JF0201,JFA HSE Eye pad dressing,Live,,,
JF0203,JFA HSE Medium dressing,Live,,,
JF0205,JFA HSE Large dressing,Live,,,
JF0207,JFA HSE Triangular dressing - FAK,Live,,,
JF0218,JFA Microporous Tape Single Item 2.5cm x 5m,Live,,,
JF0231,Guardeon Barrier Cream 120G - Single,Live,,,
JF0232,HSE Sterile Eye Bandage - Box of 1 for Eye Wash Station,Live,9786,JF0232,
JF0780,"Bonnaqua Lubricating Jelly, 5g sachet, single pouch",Live,,,
JF0785,KNINE-BAN5CMX12,End Of Line,2384,JF0785,
JF0786,"Cutiderm Foam Dressings 10x10cm, single pouch",Live,,,
JF0788,"Prosorb Absorbent Dressing Pads 10 x 10cm, single pouch",Live,,,
JF0790,"Prosorb Absorbent Dressing Pads 10 x 20cm, single pouch",Live,,,
JF0794,"Cutiderm Adhesive Wound Dressing 60x70mm, single pouch",Live,,,
JF0796,"Cutiderm Adhesive Wound Dressing 80x100mm, single pouch",Live,,,
JF0798,"Cutiderm Adhesive Wound Dressing 80x150mm, single pouch",Live,,,
JF0862,INKSAFE-BTLCOV-15CMx25.5CM-CLR250,End Of Line,2318,JF0862,
JF0868,INKSAFE-SLEEVE-5CMx250M-BLK,End Of Line,2339,JF0868,
JF0893,RedRelief Burn Dressing 3.5g sachet,Live,,,
JF0896,RedRelief Burn Gel 50g tube,Live,2508,JF0896,
JF0901,Cutiderm-Film-100x120mm-10-FBA,End Of Line,2926,JF0901,
JF0912,PROSORB-UB-BL10,End Of Line,2490,JF0912,
JF0917,Cutiderm Calcium Alginate Wound Dressing 5x5cm Single,Live,,,
JF0919,Cutiderm Paraffin Gauze Dressing 5x5cm - Single,Live,,,
JF0924,Cutiderm Adhesive Wound Dressing Pouch 60x70mm,Live,,,
JF0925,Cutiderm Adhesive Wound Dressing Pouch 80x100mm,Live,,,
JF0926,Cutiderm Adhesive Wound Dressing Pouch 80x150mm,Live,,,
JF0928,Cutiderm Sterile Suture Strips Pouch 5 Strips 3mm x 75mm,Live,,,
JF0929,Cutiderm Sterile Suture Strips Pouch 3 Strips 6mm x 38mm,Live,,,
JF0930,Cutiderm Sterile Suture Strips Pouch 3 Strips 6mm x 75mm,Live,,,
JF0931,Cutiderm Sterile Suture Strips Pouch 3 Strips 12mm x 100mm,Live,,,
JF0932,Cutiderm Super Absorbent Wound Dressing 10x10cm (single),Live,,,
JF0940,Snugfast Latex Finger Cots MEDIUM POUCH,Live,,,
JF0941,Snugfast Latex Finger Cots LARGE POUCH,Live,,,
JF0967,PILL4,End Of Line,10245,JF0967_READY,
JF0981,INKSAFE-SHEET15CMX10CM-25,End Of Line,2338,JF0981,
JF0995,Cutiderm Adhesive Wound Dressing 10x10cm - Pouch,Live,,,
JF0996,Cutiderm Low Adherent Wound Dressing 10x10cm - Pouch,Live,,,
JF0998,Cutiderm Low Adherent Pad 10x20cm - Pouch,Live,,,
JF0999,JFA Sterile Low Adherent Pad 5x5cm - Single Pouch,Live,,,
JF1000,JFA Sterile Low Adherent Pad 7.5x7.5cm - Single Pouch,Live,,,
JF1001,JFA Sterile Low Adherent Pad 10x10cm - Single Pouch,Live,,,
JF1002,JFA Premium Sterile Non-Woven 4ply Gauze Swabs 5x5cm - Single Pouch,Live,,,
JF1003,JFA Premium Sterile Non-Woven 4ply Gauze Swabs 7.5x7.5cm - Single Pouch,Live,,,
JF1004,JFA Premium Sterile Non-Woven 4ply Gauze Swabs 10x10cm - Single Pouch,Live,,,
JF1005,Inksafe Cohesive Bandage 5cm x 4.5m Tan,Live,2329,JF1005,
JF1009,Protectoe Toe Seperators - Pack of 8,End Of Line,2498,JF1009,
JF1015,Cutiderm Hydrocolloid Extra Thin Dressing 7.5x7.5cm - POUCH,Live,,,
JF1017,Cutiderm Hydrocolloid Extra Thin Wound Dressings 5x5cm - Pouch,Live,,,
JF1019,Cutiderm Hydrocolloid Wound Dressings 5x5cm - Pouch,Live,,,
JF1021,Cutiderm Hydrocolloid Wound Dressings 7.5x7.5cm - Pouch,Live,,,
JF1023,Protectoe Toe Cushions - 3 Sizes - Pack of 28,Live,2492,JF1023,
JF1025,Cutiderm Paraffin Gauze Dressings - 10x10cm - Single,Live,,,
JF1027,Cutiderm Calcium Alginate Wound Dressings - 10x10cm Single,Live,,,
JF1029,Cutiderm Hydrocolloid Wound Dressings 10x10cm - Pouch,Live,,,
JF1031,Cutiderm Hydrocolloid Extra Thin Wound Dressings 10x10cm - Pouch,Live,,,
JF1034,PRO-TTUBES-MED-PK5,End Of Line,2501,JF1034,
JF1039,Cutiderm Paraffin Gauze Dressings - 10x20cm - Single,Live,,,
JF1041,RedRelief Burn Dressing 5x5cm Single - Pouch,Live,,,
JF1043,RedRelief Burn Dressing 20x20cm Single - Pouch,Live,9835,JF1043,
JF1045,JFA Foil Blanket First Aid Kit,Live,,,
JF1047,Cutiderm Foam Dressings 5x5cm - single pouch,Live,,,
JF1048,Cutiderm Paraffin Gauze Dressing 7.5x7.5cm - Single,Live,,,
JF1050,Cutiderm Foam Dressing 7.5x7.5cm - Single pouch,Live,,,
JF1052,Cutiderm Foam Dressing 10x20cm - Single pouch,Live,,,
JF1055,Cutiderm Low Adherent Wound Dressing Assorted Pouch 5x5cm - Single,Live,,,
JF1056,Cutiderm Low Adherent Wound Dressing Assorted Pouch 7.5x7.5cm - Single,Live,,,
JF1057,Cutiderm Low Adherent Wound Dressing Assorted Pouch 10x10cm - Single,Live,,,
JF1066,Cutiderm Sterile Gauze Dressings - pouch 5x5cm,Live,,,
JF1067,Cutiderm Sterile Gauze Dressings - pouch 7.5x7.5cm,Live,,,
JF1068,Cutiderm Sterile Gauze Dressings - pouch 10x10cm,Live,,,
JF1070,Cutiderm Adhesive Wound Dressing - 100mm x 120mm pouch,Live,,,
JF1071,Cutiderm Adhesive Wound Dressing - 100mm x 150mm pouch,Live,,,
JF1072,Cutiderm Adhesive Wound Dressing - 100mm x 200mm pouch,Live,,,
JF1082,Protector Toe Bands - Small - Pack 10,Live,2496,JF1082,
JF1085,Protectoe Toe Splints - Pack of 10,Live,2499,JF1085,
JF1087,Cutiderm Silicone Wound Contact Layer 75 x100mm - pouch,Live,,,
JF1090,Cutiderm super absorbent dressing 10x20 - pouch,Live,,,
JF1093,Therapy Putty - Alt colour - 57g - Extra Soft (Light Blue),Live,,,
JF1094,Therapy Putty - Alt colour - 57g - Soft (Blue),Live,,,
JF1095,Therapy Putty - Alt colour - 57g - Medium (Purple),Live,,,
JF1096,Therapy Putty - Alt colour - 57g - Firm (Pink),Live,,,
JF1097,Therapy Putty - Alt colour - 57g - Extra Firm (Red),Live,,,
JF1116,Inksafe Cohesive Bandages 2.5 x 4.5cm x 12 Rolls - Black,End Of Line,2323,JF1116,
JF1117,Inksafe Cohesive Bandages 2.5 x 4.5cm x 12 Rolls - Blue,End Of Line,2324,JF1117,
JF1118,Inksafe Cohesive Bandages 2.5 x 4.5cm x 12 Rolls - Tan,End Of Line,2325,JF1118,
JF1119,1ml Novotip Syringe 100pcs Pouch,Live,,,
JF1148,Novotip Syringe - 5ml - Pouch,Live,,,
JF1150,Novotip Syringe - 10ml - Pouch,Live,,,
JF1152,Novotip Syringe - 20ml - Pouch,Live,,,
JF1159,Snugfast Finger Dressing - 4x4cm- Wrapper,Live,,,
JF1161,Cutiderm Adhesive Wound Dressing 5x7.5cm - Pouch,Live,,,
JF1163,JFA Medical Conforming Bandages 5cm x 4m - Wrapper,Live,,,
JF1165,JFA Medical Conforming Bandages 10cm x 4m - Wrapper,Live,,,
JF1167,JFA Medical Crepe Bandages 5cm x 4.5m - Box of 6 -  Wrapper,Live,,,
JF1169,JFA Medical Crepe Bandages 7.5cm x 4.5m - Wrapper,Live,,,
JF1171,JFA Medical Crepe Bandages 10cm x 4.5m - Wrapper,Live,,,
JF1180,Washproof Plasters 100Pcs (For F12GR + KIT-BSIST),Live,,,
JF1184,Reliance Saline Wipe FIRST AID KIT,Live,,,
JF1185,JFA Medical Nitrile Gloves FIRST AID KIT,Live,,,
JF1186,Finger Dressing Pad with Bandage FIRST AID KIT,Live,,,
JF1193,JFA Adhesive wound dressing 7.5CM X 5CM - Individual for FAK,Live,,,
JF1194,JFA Adhesive wound dressing 7.0CM X 6.0CM - Individual for FAK,Live,,,
JF1195,JFA Adhesive wound dressing 8.6CM X 6.0CM - Individual for FAK,Live,,,
JF1196,JFA Emergency Foil Blanket - 5 in a Pack - Insert sheet for FAK,Live,,,
JF1197,JFA Emergency face Shield - insert for FAK,Live,,,
JF1214,JFA Sterile Gauze Swabs 10x20 - Pouch,Live,,,
JF1267,JFA Supplies PVC Electrical Tape -Green,Live,,,
JF1268,JFA Supplies PVC Electrical Tape -Black,Live,,,
JF1269,JFA Supplies PVC Electrical Tape -Yellow,Live,,,
JF1270,JFA Supplies PVC Electrical Tape -Red,Live,,,
JF1271,JFA Supplies PVC Electrical Tape -Yellow/Green,Live,,,
JF1272,JFA Supplies PVC Electrical Tape -Blue,Live,,,
JF1273,JFA Supplies PVC Electrical Tape -White 1 Piece (Assorted),Live,,,
JF1274,JFA Supplies PVC Electrical Tape -Grey,Live,,,
JF1275,JFA Supplies PVC Electrical Tape -Brown,Live,,,
JF1288,JFA Supplies Aluminium Foil Tape 48mm x 10m - Pack of 1,Live,,,
JF1290,Novotip 50ml Syringe - Pouch,Live,,,
JF1292,JFA Microporous Tape 2.5cm x 10m Pack 4,Live,9757,JF1292,https://m.media-amazon.com/images/I/719INn+6N6L._AC_SL1500_.jpg
JF1325,Cutiderm Alcohol Wipes - Pouch,Live,,,
JF1326,3ml Novotip Syringe Single,Live,,,
JF1334,Small First Aid Dressing - 5cm x 5cm - Pack of 1,Live,,,
JF1343,Cutiderm Adhesive Transparent Wound Dressings 60mm x 80mm - Pack of 1 POUCH,Live,,,
JF1344,Cutiderm Adhesive Transparent Wound Dressings 80mm x 100mm - Pack of 1 POUCH,Live,,,
JF1345,Cutiderm Adhesive Transparent Wound Dressings 80mm x 150mm - Pack of 1 POUCH,Live,,,
JF1350,JFA Medical Ultrasound Gel 250ml - Pack of 2,Live,,,
JF1352,Cutiderm Silicone Foam Dressing 10cm x 10cm - Pack of 1,Live,,,
JF1354,MaxTape EAB Tape WHITE 7.5cm x 4.5m - Pack of 1,Live,,,
JF1356,MaxTape EAB Tape BLACK 7.5cm x 4.5m - Pack of 1,Live,,,
JF1358,MaxTape EAB Tape WHITE 5cm x 4.5m - Pack of 1,Live,,,
JF1360,MaxTape EAB Tape BLACK 5cm x 4.5m - Pack of 1,Live,,,
JF1362,Cutiderm Silicone Foam Dressing 7.5cm x 7.5cm - Pack of 1,Live,,,
JF1364,Cutiderm Silicone Foam Dressing 5cm x 5cm - Pack of 1,Live,,,
JF1366,Cutiderm Silicone Foam Dressing 15cm x 15cm - Pack of 1,Live,,,
JF1379,Alcoclens Alcohol Wipe - Single Sachet,Live,,,
JF1381,Alcoclens Alcohol Wipes - Pack of 200,Live,,,
JF1387,TubTest Hot Tub Test Strips 3 in 1 Pack of 100,Live,10564,JF1387,https://m.media-amazon.com/images/I/41butl-DgmL._SX342_SY445_QL70_ML2_.jpg
JF1388,"Ironhold Black Nitrile Gloves XXL7.0g Extra
Extra Large - Box of 100",Live,10463,JF1388,
JF1389,Novagrip Nitrile Exam Glove XXL5.5g black Extra Extra Large - Box of 100,Live,10464,JF1389,https://m.media-amazon.com/images/I/71wu2stnUKL._SL1500_.jpg
JF1395,1ml EVOLOK Syringe Pouch,Live,,,
JF1396,3ml EVOLOK Syringe Pouch,Live,,,
JF1397,5ml EVOLOK Syringe Pouch,Live,,,
JF1398,10ml EVOLOK Syringe Pouch,Live,,,
JF1399,20ml EVOLOK Syringe Pouch,Live,,,
JF1405,Cutiderm Adhesive Wound Dressing 10cm x 20cm - Pouch,Live,,,
JF1406,Cutiderm Adhesive Wound Dressing 10cm x 15cm - Pouch,Live,,,
JF1407,Cutiderm Adhesive Wound Dressing 15cm x 15cm - Pouch,Live,,,
JF1413,Cutiderm Hydrocolloid Extra Thin Wound Dressings 5x10cm - Pack of 10,Live,,,
JF1414,Cutiderm Hydrocolloid Extra Thin 5x10cm POUCH,Live,,,
JF1415,Cutiderm Transparent Plasters 2 Sizes - Pack of 50,Live,10632,JF1415,https://m.media-amazon.com/images/I/81lvlQr54mL._AC_SY300_SX300_QL70_ML2_.jpg
JF1416,JFA Medical Moleskin Comfort Padding Tape for Feet 7cm x 40cm - Box of 3,Live,10566,JF1416,https://m.media-amazon.com/images/I/71gl9mk-5BL._AC_SY300_SX300_QL70_ML2_.jpg
JF1419,Healbox Adhesive Wound Dressings 8 cm x 10 cm  - Pack of 20,Live,10567,JF1419,https://m.media-amazon.com/images/I/71iftg5bJuL._AC_SX679_.jpg
JF1420,Heal Box Adhesive Wound Dressing 80mm x 100mm - POUCH,Live,,,
JF1421,Healbox Adhesive Wound Dressings 6 cm x 7 cm - Pack of 20,Live,10568,JF1421,https://m.media-amazon.com/images/I/71-Y4w6BIgL._AC_SY300_SX300_QL70_ML2_.jpg
JF1422,Heal Box Adhesive Wound Dressing 60mm x 70mm - POUCH,Live,,,
JF1423,Healbox Adhesive Wound Dressings 80mm x 150mm - Pack of 20,Live,10569,JF1423,https://m.media-amazon.com/images/I/71uOirpQgyL._AC_SX679_.jpg
JF1424,Heal Box Adhesive Wound Dressing 80mm x 150mm - POUCH,Live,,,
JF1425,Healbox Washproof Assorted Plasters - Pack of 100,Live,10626,JF1425,https://m.media-amazon.com/images/I/71dB3BNPNDL._AC_SY300_SX300_QL70_ML2_.jpg
JF1426,Healbox Blue Assorted Plasters - Pack of 100,Live,10627,JF1426,https://m.media-amazon.com/images/I/71O9OCQM-cL._AC_SY300_SX300_QL70_ML2_.jpg
JF1427,Healbox Adhesive Wound Dressings 100mm x 150mm - Pack of 20,Live,10628,JF1427,https://m.media-amazon.com/images/I/71UhQoJRLnL._AC_SX679_.jpg
JF1428,Heal Box Adhesive Wound Dressing 100mm x 150mm - POUCH,Live,,,
JF1429,"JFA Therapy Putty 57g Extra Firm, Dark Blue SINGLE TUB",Live,,,
JF1430,"JFA Therapy Putty 57g Firm, Blue SINGLE TUB",Live,,,
JF1431,"JFA Therapy Putty 57g Medium, Sky Blue SINGLE TUB",Live,,,
JF1432,"JFA Therapy Putty 57g Soft, Light Blue SINGLE TUB",Live,,,
JF1433,"JFA Therapy Putty 57g Extra Soft, Pale Blue SINGLE TUB",Live,,,
JF1434,Healbox Adhesive Wound Dressings Assorted Sizes - Pack of 50,Live,10600,JF1434,https://m.media-amazon.com/images/I/71h7XTtp-PL._AC_SL1500_.jpg
JF1435,Healbox Blue Assorted Plasters - Pack of 200,Live,10629,JF1435,https://m.media-amazon.com/images/I/7139d2hdD2L._AC_SY300_SX300_QL70_ML2_.jpg
JF1436,Healbox Washproof Assorted Plasters - Pack of 200,Live,10630,JF1436,https://m.media-amazon.com/images/I/71bL8nG3X6L._AC_SY300_SX300_QL70_ML2_.jpg
JF1437,Healbox Cohesive Bandage 5cm x 4.5m Assorted Colours - Pack of 16,Live,10596,JF1437,https://m.media-amazon.com/images/I/81HkRsAuSLL._AC_SX679_.jpg
JF1438,Healbox Cohesive Bandage 5cm x 4.5m Pink - Pack of 16,Live,10597,JF1438,https://m.media-amazon.com/images/I/81tmD2DzMNL._AC_SY300_SX300_QL70_ML2_.jpg
JF1439,Healbox Cohesive Bandage 5cm x 4.5m White - Pack of 16,Live,10598,JF1439,https://m.media-amazon.com/images/I/81nS5RE8PdL._AC_SY300_SX300_QL70_ML2_.jpg
JF1440,Healbox Cohesive Bandage 5cm x 4.5m Black - Pack of 16,Live,10599,JF1440,https://m.media-amazon.com/images/I/81WjRdL0J7L._AC_SY300_SX300_QL70_ML2_.jpg
JF1442,Healbox Adhesive Wound Dressings 60mm x 100mm - Pack of 20,Live,10631,JF1442,https://m.media-amazon.com/images/I/71XoEuQCUnL._AC_SL1500_.jpg
JF1443,Heal Box Adhesive Wound Dressing 60mm x 100mm - POUCH,Live,,,
JF1444,Healbox Saline Pods Sterile Eye Wash 30 x 20ml,Live,10652,JF1444,https://m.media-amazon.com/images/I/71iu27ENsqL._AC_SX679_.jpg
JF1445,Healbox Sterile Suture Strips - Pack of 251,Live,10663,JF1445,https://m.media-amazon.com/images/I/71qy2okmCXL._AC_SL1500_.jpg
JF1446,Healbox Sterile Suture Strips 6mm x 75mm 3 strips POUCH,Live,,,
JF1447,Healbox Sterile Suture Strips 3mm x 75mm 5 strips POUCH,Live,,,
JF1448,Healbox Sterile Suture Strips 12mm x 100mm 3 strips POUCH,Live,,,
JF1449,Healbox Sterile Suture Strips 6mm x 38mm 3 strips POUCH,Live,,,
JF1450,Luxura Shampoo Cap Orange and Bergamot - Pack of 5,Live,10653,JF1450,
JF1451,Luxura Shampoo Cap Orange & Bergamot- PACK OF 1,Live,,,
JF1455,Healbox Sterile Suture Strips  Assorted Sizes,Live,,,
JF1456,Healbox Conforming Bandages 5cm x 4m - Box of 12,Live,10666,JF1456,
JF1457,Healbox Conforming Bandages 5cm x 4m POUCH,Live,,,
JF1458,Healbox Conforming Bandages 7.5cm x 4m - Box of 12,Live,10667,JF1458,
JF1459,Healbox Conforming Bandages 7.5cm x 4m POUCH,Live,,,
JF1460,Healbox Conforming Bandages 10cm x 4m - Box of 12,Live,10668,JF1460,
JF1461,Healbox Conforming Bandages 10cm x 4m POUCH,Live,,,
JF1462,Trustlab Fingertip Pulse Oximeter White Colour,Live,10664,JF1462,
JF1463,Trustlab Fingertip Pulse Oximeter Black Colour,Live,10665,JF1463,
JF1464,Trustlab Blood Pressure Monitor Tubeless,Live,10670,JF1464,
JF1465,Trustlab Arm Blood Pressure Monitor,Live,10671,JF1465,
JF1466,Luxura Shampoo Cap Coconut - Pack of 5,Live,10708,JF1466,https://m.media-amazon.com/images/I/71uGf7unLtL._AC_SY300_SX300_QL70_ML2_.jpg
JF1467,JFA Medical Glycerin Swabsticks Mint - Box of 75,Live,10707,JF1467,https://m.media-amazon.com/images/I/61dTem5LItL._AC_SY300_SX300_QL70_ML2_.jpg
JF1468,Luxura Shampoo Cap Coconut - Pack of 1,Live,,,
JF1469,Healbox Sterile Gauze Swabs 5x5cm - Pack of 125,Live,10760,JF1469,https://m.media-amazon.com/images/I/71gGHI0xbmL._AC_SY300_SX300_QL70_ML2_.jpg
JF1470,Healbox Sterile Gauze Swabs 5x5cm - POUCH,Live,,,
JF1472,JFA Medical Glycerin Swabsticks Mint - Box of 75 POUCH,Live,,,
JF1473,Cutiderm Adhesive Remover Wipes - Pack of 100,Live,10706,JF1473,https://m.media-amazon.com/images/I/812hXBFFrlL._AC_SY300_SX300_QL70_ML2_.jpg
JF1474,Cutiderm Adhesive Remover Wipes - Pack of 100 POUCH,Live,,,
JF1475,Healbox Sterile Gauze Swabs 7.5x7.5cm - Pack of 125,Live,10761,JF1475,https://m.media-amazon.com/images/I/71HMhNWi8sL._AC_SY300_SX300_QL70_ML2_.jpg
JF1476,Healbox Sterile Gauze Swabs 7.5x7.5cm - POUCH,Live,,,
JF1477,Healbox Sterile Gauze Swabs 10x10cm - Pack of 125,Live,10762,JF1477,https://m.media-amazon.com/images/I/71Z8pHXlU7L._AC_SL1500_.jpg
JF1478,Healbox Sterile Gauze Swabs 10x10cm - POUCH,Live,,,
JF1479,"SONOSKIN Ultrasound Conductive Gel CIT, MIT and Paraben Free - Pack of 40 250ml Bottles",Live,,,
JF1480,JFA Medical Therapy Putty 5 Strengths Pink,Live,10759,JF1480,https://m.media-amazon.com/images/I/81X7hTas8hL._AC_SY300_SX300_QL70_ML2_.jpg
JF1481,"JFA Therapy Putty 57g Extra Firm, Dark Pink SINGLE TUB",Live,,,
JF1482,"JFA Therapy Putty 57g Firm, Medium-dark Pink SINGLE TUB",Live,,,
JF1483,"JFA Therapy Putty 57g Medium, Medium Pink SINGLE TUB",Live,,,
JF1484,"JFA Therapy Putty 57g Soft, Light Pink SINGLE TUB",Live,,,
JF1485,"JFA Therapy Putty 57g Extra Soft, Pale Pink SINGLE TUB",Live,,,
JF1486,JFA Glycerin Swabsticks Mint Flavour - Box of 102,Live,10763,JF1486,
JF1487,Healbox Microporous tape 2.5cmx10m - 2 rolls,Live,10851,JF1487,
JF1488,Cutiderm Adhesive Wound Dressing 20cm x 20cm - Pack of 10,Live,10854,JF1488,
JF1489,Cutiderm Adhesive Wound Dressing 20cm x 20cm - POUCH,Live,,,
JF1490,Cutiderm Adhesive Wound Dressing 20cm x 20cm - Pack of 25,Live,10852,JF1490,
JF1491,Cutiderm Adhesive Wound Dressings 10cm x 25cm - Pack of 10,Live,10853,JF1491,
JF1492,Cutiderm Adhesive Wound Dressings 10cm x 25cm - POUCH,Live,,,
JF1493,Cutiderm Adhesive Wound Dressings 10cm x 25cm - Pack of 25,Live,10858,JF1493,
JF1494,Luxura Shampoo Cap Eucalyptus - Pack of 1,Live,,,
JF1495,Luxura_ShampooCap Eucalyptus - Pack of 5,Live,,,
JF1496,Healbox Microporous tape 2.5cmx10m - 6 rolls,Live,10855,JF1496,
JF1497,Healbox Microporous tape 2.5cmx10m - 8 rolls,Live,10856,JF1497,
JF1498,Healbox Microporous tape 2.5cmx10m -12 rolls,Live,10857,JF1498,
JF1499,JFA Supplies Feeding Beaker - Pack of 1,Live,,,
JF1500,JFA Supplies Feeding Beaker - Pack of 2,Live,,,
JF1501,JFA Medical Therapy Balls  5 strengths -  Vibrant Colours,Live,,,
JF1502,HealBox Hydrocolloid Dressing 5cmx5cm - 10 pieces,Live,,,
JF1503,HealBox Hydrocolloid Dressing 5cmx5cm - POUCH,Live,,,
JF1504,HealBox Hydrocolloid Dressing 7.5cmx7.5cm - 10 pieces,Live,,,
JF1505,HealBox Hydrocolloid Dressing 7.5cmx7.5cm -POUCH,Live,,,
JF1506,HealBox Hydrocolloid Dressing 10cmx10cm - 10 pieces,Live,,,
JF1507,HealBox Hydrocolloid Dressing 10cmx10cm - POUCH,Live,,,
JF5000,Healbox Big Toe Bandage,Sourcing,,,
JF5001,FirstMilk Colostrum Syringe 1ml - Box of 30,Live,,,
JF5002,JFA Adult Leg Cast Cover - Pack of 3,End Of Line,,,
