jf_code,min_order_qty,max_order_qty,order_count,source
HW0473,5,5,1,non-PO fallback
HW0114,18,18,1,non-PO fallback
HW0116,40,40,1,PO
HW1093,50,50,1,non-PO fallback
HW0117,71,71,1,PO
HW0346,78,204,2,PO
HW0794,80,100,2,PO
HW0120,100,300,2,PO
HW0266,100,126,2,PO
HW0736,100,450,2,PO
HW0352,110,110,1,PO
JF0933,120,1020,2,PO
JF1038,120,1440,3,PO
HW0629,126,126,1,PO
HW0122,140,200,2,PO
HW0293,140,140,1,PO
HW0231,150,150,1,PO
HW0358,150,570,2,PO
HW0488,150,150,1,PO
HW0150,160,160,1,PO
HW0107,200,200,1,PO
HW0149,200,360,2,PO
HW0299,200,300,2,PO
HW0490,200,200,1,PO
HW0526,200,200,1,PO
HW1079,200,200,1,PO
JF1367,200,200,1,non-PO fallback
HW0513,204,204,1,PO
HW0112,216,324,2,PO
HW0318,230,230,1,PO
HW0105,250,1000,2,PO
HW0141,250,500,2,PO
HW0737,250,500,2,PO
HW0347,252,564,2,PO
HW0482,258,3402,3,PO
HW0569,268,268,1,PO
HW0571,270,270,1,PO
HW0134,290,1000,2,PO
HW0111,300,300,1,PO
HW0161,300,300,1,PO
HW0265,300,300,1,PO
HW0477,300,300,1,PO
HW0484,300,300,1,PO
HW0732,300,300,1,PO
HW0827,300,300,1,non-PO fallback
HW0419,320,320,1,PO
JF0951,360,452,2,PO
JF1342,360,2000,3,PO
JF0129,400,2000,3,PO
HW0121,408,408,1,PO
HW0416,440,3000,3,PO
JF1363,480,3040,5,PO
HW0351,500,700,2,PO
HW0356,500,500,1,PO
HW0378,500,900,2,PO
HW0385,500,500,1,PO
HW0436,500,500,1,PO
HW0481,500,500,1,PO
JF0945,500,500,1,PO
JF1053,500,500,1,PO
HW0697,501,501,1,PO
HW0155,504,504,1,PO
HW0388,504,600,2,PO
JF1164,504,1512,3,PO
HW0596,510,510,1,PO
HW0643,528,528,1,PO
JF1438,540,540,1,PO
HW0671,546,546,1,PO
HW0353,570,600,2,PO
HW0139,600,600,1,PO
HW0300,600,600,1,PO
HW0381,600,600,1,PO
HW0392,600,700,2,PO
HW1097,600,600,1,non-PO fallback
HW0113,624,624,1,PO
JF1365,624,1008,3,PO
JF0206,640,1600,2,PO
HW0167,648,648,1,PO
HW0125,650,650,1,PO
HW0406,672,672,1,PO
JF1069,684,2016,3,PO
HW0523,690,690,1,PO
HW0119,700,1680,3,PO
HW0538,719,719,1,PO
HW0348,828,828,1,PO
JF1024,840,1800,4,PO
HW0688,852,3652,2,PO
HW0110,856,1200,2,PO
HW0267,900,900,1,PO
JF0208,950,1000,4,PO
JF0879,984,984,1,PO
JF1260,984,1200,3,PO
JF1435,990,990,1,PO
JF1436,990,990,1,PO
JF1337,992,992,2,PO
AMF-MINI-BAG,1000,1000,1,PO
AMF-PREMKIT-BAG,1000,1000,1,PO
HW0133,1000,1000,1,PO
HW0324,1000,1000,2,PO
HW0339,1000,1000,1,PO
HW0372,1000,1000,1,PO
HW0386,1000,1000,1,PO
HW0894,1000,1000,2,PO
HW0899,1000,1000,1,PO
JF0136,1000,1000,2,PO
JF0138,1000,1000,2,PO
JF0146,1000,1100,2,PO
JF0164,1000,6000,4,PO
JF0204,1000,1050,2,PO
JF0888,1000,1000,1,non-PO fallback
JF0918,1000,1000,2,PO
JF0947,1000,1000,1,PO
JF0960,1000,1120,3,PO
JF0982,1000,1000,1,non-PO fallback
JF1007,1000,1000,1,PO
JF1008,1000,1000,2,PO
JF1016,1000,2000,3,PO
JF1020,1000,3000,2,PO
JF1026,1000,1400,3,PO
JF1032,1000,1000,1,PO
JF1046,1000,1000,1,PO
JF1049,1000,2320,3,PO
JF1051,1000,1000,1,PO
JF1136,1000,5050,2,PO
JF1170,1000,1536,2,PO
JF1261,1000,1000,1,PO
JF1264,1000,3900,2,PO
JF1266,1000,6700,2,PO
JF1282,1000,1000,1,non-PO fallback
JF1286,1000,1000,1,PO
JF1330,1000,1000,1,non-PO fallback
HW0817,1002,1002,1,PO
HW0317,1008,1008,1,PO
HW0334,1008,1008,1,PO
JF0791,1008,1008,1,PO
JF0878,1008,1008,2,PO
JF0881,1008,1008,1,PO
JF0882,1008,1008,1,PO
JF0994,1008,3008,2,PO
JF1129,1008,1512,2,PO
JF1213,1008,1008,2,PO
JF1351,1008,1008,1,PO
JF1392,1008,1008,1,PO
JF1361,1010,1010,1,PO
HW0100,1020,1110,2,PO
HW0289,1020,1020,1,PO
HW0585,1020,1020,1,PO
JF0920,1020,2220,4,PO
JF0962,1020,1020,1,PO
JF1158,1020,1020,1,PO
JF1368,1024,1024,1,PO
JF0134,1040,1040,1,PO
JF1151,1176,2004,2,PO
JF1402,1176,4128,3,PO
JF1411,1180,2600,2,PO
JF1192,1186,1206,2,PO
HW0380,1200,1200,1,PO
JF0997,1200,1200,1,PO
JF1388,1200,1200,1,PO
JF1389,1200,1200,1,PO
JF1390,1200,1200,1,PO
JF1211,1248,12000,2,PO
JF0116,1250,4000,4,PO
HW0341,1300,1800,2,PO
JF0115,1300,1300,1,PO
JF1141,1300,1300,1,PO
HW0480,1302,1302,1,PO
JF0966,1320,15000,2,PO
HW0628,1344,1344,1,PO
JF0976,1344,1344,1,PO
HW0395,1350,6000,4,PO
HW0140,1400,1400,1,PO
JF1434,1416,1416,1,PO
JF1338,1425,1425,1,PO
JF1060,1440,1440,1,PO
JF1276,1440,1440,1,PO
JF0187,1490,1490,1,PO
JF0781,1496,1496,1,PO
HW0479,1500,4000,2,PO
JF0119,1500,2000,3,PO
JF0121,1500,1500,2,PO
JF1262,1500,1500,1,PO
JF0166,1520,4480,2,PO
JF1058,1530,1530,1,PO
JF1037,1560,1560,1,PO
HW0434,1600,1600,1,PO
HW0135,1650,1650,1,PO
JF0934,1700,3000,3,PO
JF1285,1750,1750,1,PO
HW0370,1760,1760,1,PO
JF1281,1770,2100,2,PO
JF0147,1800,2628,4,PO
JF1404,1800,4992,3,PO
JF1415,1872,1872,1,PO
JF1408,1980,1980,1,PO
JF1410,1980,1980,1,PO
JF1412,1980,1980,1,PO
JF1101,1998,3996,2,PO
HW0468,2000,2000,1,PO
HW0607,2000,2000,1,non-PO fallback
JF0120,2000,2300,2,PO
JF0128,2000,5000,2,PO
JF0903,2000,2000,1,PO
JF1357,2000,2000,1,PO
JF1403,2000,4000,2,PO
JF1486,2000,2000,1,PO
JF1439,2004,2004,1,PO
HW0163,2016,2016,1,PO
JF0792,2016,2016,1,PO
JF0975,2016,2016,1,PO
JF1092,2016,3840,3,PO
JF1460,2016,2016,1,PO
JF1394,2028,2028,1,PO
JF1287,2040,2040,1,PO
JF1168,2048,2624,3,PO
JF1425,2088,2088,1,PO
JF1426,2088,2088,1,PO
JF0145,2100,3000,2,PO
JF1028,2200,3000,2,PO
JF1098,2208,2784,3,PO
JF1421,2268,2268,1,PO
JF0887,2280,4008,2,PO
JF1305,2298,2298,1,PO
JF0170,2304,6016,4,PO
JF0923,2360,2360,1,PO
HW0109,2400,2400,1,PO
JF0168,2400,2600,2,PO
JF1030,2400,4200,3,PO
JF1265,2450,2620,2,PO
JF0799,2500,6000,4,PO
JF1488,2500,2500,1,PO
JF1491,2500,2500,1,PO
JF1010,2520,2574,2,PO
JF1340,2560,2560,2,PO
JF1143,2700,2700,1,PO
JF1206,2800,2800,1,PO
JF1241,2800,8750,2,PO
JF1234,2850,2850,1,PO
JF1140,2860,18200,2,PO
JF1423,2900,2900,1,PO
JF1236,2940,14500,2,PO
JF0132,2960,2960,1,PO
JF0993,2960,14000,4,PO
JF1225,2980,2980,1,PO
HW0164,3000,6198,2,PO
HW0438,3000,3000,1,non-PO fallback
JF0140,3000,11000,4,PO
JF0186,3000,3000,1,PO
JF0197,3000,6000,3,PO
JF0234,3000,3000,2,PO
JF0910,3000,3000,1,PO
JF0968,3000,3000,1,PO
JF0969,3000,3000,1,PO
JF1100,3000,3000,1,PO
JF1292,3000,8000,4,PO
JF1302,3000,3000,1,non-PO fallback
JF1377,3000,3000,1,PO
JF1480,3008,3008,1,PO
JF1456,3024,3024,1,PO
JF0953,3040,3040,1,PO
JF1339,3040,3520,2,PO
JF1341,3040,3840,2,PO
JF1372,3072,4562,2,PO
JF0141,3300,3300,1,PO
JF1099,3340,3340,1,PO
JF1393,3408,3408,1,PO
JF0916,3420,3420,1,PO
JF1324,3480,3480,1,PO
JF0235,3500,3500,3,PO
HW0471,3528,3528,1,PO
JF1437,3588,3588,1,PO
JF1440,3588,3588,1,PO
JF1445,3960,3960,1,PO
HW0461,4000,4200,2,PO
JF0149,4000,4300,3,PO
JF0193,4000,4000,1,PO
JF1137,4000,5800,2,PO
JF1154,4000,4000,1,PO
JF1467,4000,4000,1,PO
JF1147,4014,4014,1,PO
JF1235,4160,13500,2,PO
JF1391,4296,4296,1,PO
JF1018,4360,4360,1,PO
HW0128,4400,4400,1,PO
JF1441,4500,4500,1,PO
JF1284,4584,4584,1,PO
JF1238,4850,4850,1,PO
JF0114,4950,4950,1,PO
HW0439,5000,5000,1,non-PO fallback
JF0230,5000,5000,1,PO
JF0233,5000,5000,1,PO
JF0971,5000,5000,1,PO
JF1160,5000,8520,3,PO
JF1376,5000,7000,2,PO
JF1473,5000,5000,1,PO
JF1490,5000,5000,1,PO
JF1493,5000,5000,1,PO
JF1458,5010,5010,1,PO
JF1465,5016,5016,1,PO
JF1469,5016,5016,1,PO
JF1475,5016,5016,1,PO
JF1477,5016,5016,1,PO
JF0895,5040,5040,1,PO
JF1153,5040,5040,1,PO
JF1401,5040,5040,1,PO
JF1462,5040,5040,1,PO
JF1149,5472,5472,1,PO
JF1442,5850,5850,1,PO
JF1419,5967,5967,1,PO
JF1427,5984,5984,1,PO
HW0168,6402,6402,1,PO
JF1400,6480,6480,1,PO
JF1139,6750,6890,2,PO
JF0795,7000,10000,2,PO
JF0938,7000,7000,1,PO
JF1127,7020,7020,1,PO
HW0649,7280,7280,1,PO
JF0797,7500,7500,1,PO
JF1294,8000,10000,2,PO
JF0954,8016,8016,4,PO
HW0195,8113,8113,1,PO
JF1237,8400,8400,1,PO
JF0989,8445,8445,1,PO
JF1450,8445,8445,1,PO
JF1466,8445,8445,1,PO
JF0952,9000,15000,3,PO
JF1240,9600,9600,1,PO
JF0144,10000,10000,1,PO
JF1375,10000,20000,3,PO
JF1387,10000,10000,1,PO
JF1487,10240,10240,1,PO
JF1323,14000,14000,2,PO
JF0927,15000,15000,4,PO
JF1177,17100,17100,1,PO
JF1242,18000,18000,1,PO
JF1239,18700,18700,1,PO
JF0972,20000,20000,1,PO
JF1110,20000,20000,1,PO
JF1112,20000,20000,1,PO
JF1378,25000,25000,1,PO
JF0176,49400,49400,1,PO
HW0207,168000,189300,2,PO