jf_code,asin,pan_eu_status,expires,title
"","B0009DSNUW","Enrolment ended","Wed Feb 12 23:00:15 UTC 2020","Jan Marini - Bioglycolic Facial Cleanser 237ml"
"","B000GG7UFG","Enrolment ended","Tue Oct 29 19:27:13 UTC 2019","Tegaderm Hydrocolloid dressing (Pack of 5)"
"","B000VIO55C","Enrolment ended","Wed Feb 12 23:00:13 UTC 2020","Jan Marini Transformation Eye Cream-For aging Skin (0.5 oz)"
"","B001BBY7M4","Enrolment ended","Sun Dec 29 16:04:36 UTC 2019","Jan Marini Bioglycolic Oily Skin Cleansing Gel - 237ml/8oz"
"","B001CTMEHK","Enrolment ended","Sat Jan 25 11:14:31 UTC 2020","Jan Marini Skin Zyme Papaya Mask"
"","B002CMRTSK","Enrolment ended","Wed Feb 12 23:03:40 UTC 2020","Medik8 Retinol 3TR - Advanced 0.3% Vitamin A Serum - Soften the Appearance of Fine Lines and Wrinkles -15ml"
"","B002KGNL5I","Enrolment ended","Sun Dec 29 16:05:04 UTC 2019","Agera Oil-Free Plus Moisturise"
"","B002KGOM6A","Enrolment ended","Sun Dec 29 16:17:09 UTC 2019","Agera Daily Moisturising Protector SPF 25-60g"
"","B002KHBYHO","Enrolment ended","Sun Dec 29 16:04:33 UTC 2019","Agera Microderma Rx System 120ML 2X60ML"
"","B002ZGQ82Q","Enrolment ended","Tue Jun 30 23:59:59 UTC 2020","Sharpsguard DNDD605 Sharps Bin, 5L, Purple"
"","B002ZGVPP6","Enrolment ended","Tue Oct 29 20:11:10 UTC 2019","Owen Mumford Neurotips Testing Pins, 100/Bx by Owen Mumford LTD"
"","B003GRP068","Enrolment ended","Mon Sep 17 12:00:13 UTC 2018","Jan Marini Bioglycolic Resurfacing Body Scrub 237ml/8oz"
"","B003OWDCBK","Enrolment ended","Tue Jun 30 23:59:59 UTC 2020","12.5x12.5cm x 10"
"","B003QHWMB4","Enrolment ended","Sat Jan 25 11:23:51 UTC 2020","Lycogel Make-Up Breathable Camouflage Foundation 20ml IVORY"
"","B003TSTFBU","Enrolment ended","Tue Jun 30 23:59:59 UTC 2020","Primapore - Post-Operative Dressing - 8.3cm x 6cm (x50)"
"","B005AIQQEQ","Enrolment ended","Mon Sep 23 07:25:22 UTC 2019","Tubigrip 1438Molnlycke F Natural, 10m, Elasticated Tubular Bandage"
"","B005MJGUXU","Enrolment ended","Mon Nov 19 23:31:17 UTC 2018","Jan Marini Age Intervention Retinol Plus"
"","B006ZUTZLE","Enrolment ended","Mon Nov 19 23:31:13 UTC 2018","Mene & Moy Stand By Cream C5 - 30ml"
"","B006ZUUEJ6","Enrolment ended","Fri Feb 01 22:26:43 UTC 2019","Mene & Moy Revitalizing Lotion - 150ml"
"","B007GX69PE","Enrolment ended","Sat Jan 25 11:36:42 UTC 2020","VERNAGEL SUPER ABSORBENT POWDER - LIQUID SOLIDIFIER GELLING LOOSE POWDER 475G - 475G"
"","B0084EO2X0","Enrolment ended","Sat Jan 25 11:18:51 UTC 2020","Reynard Bath in Bed Wipes - 33cm x 23cm (Pack of 8)"
"","B009H720W8","Enrolment ended","Sat Jan 25 11:18:49 UTC 2020","VERNAGEL SUPER ABSORBENT POWDER - LIQUID SOLIDIFIER 100 X 6G SACHETS - BED PAN- URINAL- SPILLS - 100"
"","B009LIR44M","Enrolment ended","Sun Jun 10 12:41:28 UTC 2018","Clinell Detergent Wipes (22x28cm) Pack of 200"
"","B00AIMSRUK","Enrolment ended","Sun Nov 10 13:28:39 UTC 2019","Heliocare Ultra 90 Cream SPF50+ / Sun Cream For Face/Daily UVA and UVB Anti-Ageing Sun Block/Combination, Dry and Normal Skin Types/Matte Finish (50ml)"
"","B00B5JZ1BI","Enrolment ended","Sat Jan 25 11:34:05 UTC 2020","Lycogel Breathable Camouflage - Honey 20ml"
"","B00BGR2VX0","Enrolment ended","Mon Nov 19 23:31:13 UTC 2018","Retriderm Serum Mild - 0.5% Retinol, 30 ml/ 1 fl oz"
"","B00BQ0Z9UO","Enrolment ended","Sun Dec 29 15:48:32 UTC 2019","BD Vacutainer Stretch Latex-Free Tourniquet - Box of 25"
"","B00ES6NRGG","Enrolment ended","Wed Feb 12 23:00:51 UTC 2020","Oxygenetix Breathable Foundation 15 ml, Beige"
"","B00EX8TPDS","Enrolment ended","Sat Jan 25 11:23:52 UTC 2020","Premier Waterproof Disposable Draw Sheets (Mattress Protector), Pack of 10, 90 x 210 x 20 cm, Blue"
"","B00EX8TTWA","Enrolment ended","Mon Nov 19 23:31:13 UTC 2018","Universal Foam Swabsticks, Pack of 250"
"","B00EX8TWX6","Enrolment ended","Sat Jan 25 11:23:48 UTC 2020","Premier FinePore Surgical Tape 1.25 cm x 9.1 m, Pack of 24"
"","B00EX8TXYE","Enrolment ended","Tue Oct 29 20:11:06 UTC 2019","PremierPore Adhesive Absorbent Island Dressing, Pack of 50, 5 x 7 cm"
"","B00GGQTCQ0","Enrolment ended","Sat Jan 25 11:09:31 UTC 2020","Clinell Indicator Tape, 3.8cm x 100m"
"","B00K3MJLL4","Enrolment ended","Tue Jun 30 23:59:59 UTC 2020","Clinical Waste Bags (Yellow) - Heavy Duty Sacks - 17in x 25in (x25)"
"","B00K8YOA2W","Enrolment ended","Sun Dec 29 16:39:26 UTC 2019","PremierPore VP Showerproof Adhesive Island Dressing, Pack of 50, 10 x 15cm"
"","B00K8YRCLI","Enrolment ended","Sun Dec 29 15:46:53 UTC 2019","PremierPore VP Showerproof Adhesive Island Dressing, Pack of 50, 10 x 20cm"
"","B00KE0AZBA","Enrolment ended","Tue Jun 30 23:59:59 UTC 2020","Disposable Toothbrushes, with Paste, Individually Wrapped, Box of 100"
"","B00PETB4YI","Enrolment ended","Mon Nov 19 23:31:13 UTC 2018","Universal Drainable Urine Bag 2 Litre with Lever tap (x10)"
"","B00RM4QVS2","Enrolment ended","Tue Jun 30 23:59:59 UTC 2020","Colorescience Sunforgettable Mineral SPF 30 Sunscreen Brush Colour: Fair"
"","B00TUEJIZU","Enrolment ended","Sat Jan 25 11:36:43 UTC 2020","Clinical Waste Bags (Orange) - Medium Duty Sacks - 17in x 26in (x50)"
"","B00UUND5VI","Enrolment ended","Sun Dec 29 16:04:32 UTC 2019","Jan Marini Antiossidante Daily Face Protectant SPF 33 tubo"
"","B00Z9W12HE","Enrolment ended","Tue Jun 30 23:59:59 UTC 2020","HPC Medium Duty Clinical Waste Sacks For Incineration – 11/17x26 - Yellow - Roll of 50…"
"","B01081B1ZS","Enrolment ended","Sat Jan 25 11:36:46 UTC 2020","Rocialle Multivac Sterile Single Wrapped Bowl 500ml - Pack of 10"
"","B010QX63EM","Enrolment ended","Wed May 29 08:38:34 UTC 2019","PDI Hygea Hands & Face Wipes - Pack of 80"
"","B0189JTYU0","Enrolment ended","Sat Jan 25 11:09:33 UTC 2020","Silflex - Silicone Contact Layer Dressing 5cm x 7cm (x10)"
"","B01DWFGO9K","Enrolment ended","Sat Jan 25 11:09:31 UTC 2020","SemperCare Vinyl Powder-Free Latex-Free Examination Gloves (Box of 100) (Small)"
"","B01H3M8EVO","Enrolment ended","Mon Dec 10 04:01:03 UTC 2018","Clinell Detergent Wipes - Pack of 215 - Alcohol Free - Multi-Surface Wipe for General Cleaning, Strong & Durable, Low Smear Formula"
"","B01HQVLG26","Enrolment ended","Sat Jan 25 11:18:51 UTC 2020","Sorbsan Flat Dressing 5cm x 5cm (x10) by Aspen Medical"
"","B01INE7VQK","Enrolment ended","Tue Nov 19 12:32:56 UTC 2019","Sempermed G823781737 Gloves, Latex, Non-Sterile, Powder-Free, Large (Pack of 100)"
"","B01IV5DSYA","Enrolment ended","Wed Feb 12 23:05:12 UTC 2020","Retinol 10Tr…"
"","B01LYJVCDJ","Enrolment ended","Tue Nov 19 12:28:20 UTC 2019","Amzhealth Foam Oral Swab (250) Pink"
"","B01MR5JBSH","Enrolment ended","Tue Aug 12 21:16:23 UTC 2025","JFA Washproof Large Strip Plasters 22 x 72mm 100 Plasters Per Pack - Bulk buy discounts. Long expiry date (2 boxes)"
"","B01MSR2YO6","Enrolment ended","Tue Jun 30 23:59:59 UTC 2020","Small White Open Weave Bandages - Pack of 12 (5cmx5m)"
"","B01MU9RG8E","Enrolment ended","Mon Feb 05 12:51:57 UTC 2024","JFA Medical Fabric Dressing Plaster Strips - pack of 5 (4cm x 1m)"
"","B01MUA8Z72","Enrolment ended","Sat Jan 25 11:18:49 UTC 2020","100 Wooden Tongue Depressors"
"","B01MY6XIW4","Enrolment ended","Mon Nov 19 23:31:12 UTC 2018","Ugo Fix Catheter Strap (x5) – Medical Catheter Securement Thigh Support Strap/Holder with Anti Slip Silicone Grip - Washable and Reusable (Long - Pack of 5)"
"","B01MYROVET","Enrolment ended","Tue Jun 30 23:59:59 UTC 2020","Small White Open Weave Bandages - Pack of 12 (7.5cmx5m)"
"","B01MYRP3RZ","Enrolment ended","Mon Jan 15 20:47:10 UTC 2018","JFA Brown Elastic Adhesive Bandages - pack of 3 (7.5cmx4.5m)"
"","B01N1LL62W","Enrolment ended","Mon Mar 18 07:18:23 UTC 2019","CeraVe Foaming Cleanser 16 oz for Daily Face Washing, Normal to Oily Skin"
"","B01N3RV2C9","Enrolment ended","Mon Nov 19 23:31:14 UTC 2018","Reynard Alcohol-Free Incontinence Wipes - 3 x 25pk (75 Wipes)"
"","B01N63TKYB","Enrolment ended","Sat Sep 07 13:32:38 UTC 2024","JFA Medical Cotton Crepe Bandages with elastic metal clips (7.5cmx4.5m) - Pack of 12"
"","B01N759ZAI","Enrolment ended","Tue Jun 30 23:59:59 UTC 2020","JFA Medical Cotton Crepe Bandages with elastic metal clips (5cmx4.5m) - Pack of 12"
"","B01N79XQ05","Enrolment ended","Mon Jan 15 20:48:37 UTC 2018","JFA Brown Elastic Adhesive Bandages - pack of 3 (5cmx4.5m)"
"","B01N8RI7W2","Enrolment ended","Sat Sep 07 13:06:35 UTC 2024","JFA Fabric Small Strip Plasters 19 x 38mm 100 Plasters Per Pack"
"","B06XJRFFKJ","Enrolment ended","Sat Sep 07 13:18:39 UTC 2024","JFA Transparent Washproof Assorted Plasters (6 Sizes) 100 Plasters Per Box"
"","B074M79Z98","Enrolment ended","Sat Sep 07 13:20:50 UTC 2024","JFA Medical 13cm Green Plastic Disposable Tweezers – Pack of 30"
"","B077S676W4","Enrolment ended","Fri Aug 23 06:06:36 UTC 2019","Allevyn AG Gentle Border Silver Dressings 10cm x 10cm (Pack of 10)"
"","B07G82CBPB","Enrolment ended","Wed Feb 12 23:05:13 UTC 2020","Pack of 6 Extra Large Sterile Ambulance Trauma Bandages with 32cm x 20cm Absorbent Dressing Pad"
"","B07H2N186X","Enrolment ended","Tue Dec 01 23:34:47 UTC 2020","100 Pairs of Individually Wrapped Ear Plugs - for Noise Reduction including Sleeping, Concerts, Gigs, Musicians and Flying"
"","B07MBBP78G","Enrolment ended","Fri Mar 08 22:14:05 UTC 2019","OptiLube Tubes - Sterile Lubricating Jelly in 5g, 42g, 82g, and 113g Tubes, Water Soluble with Easy to Use Flip Cap (42g Tube - Box of 3)"
"","B07S5CCD4F","Enrolment ended","Sat Sep 07 12:38:30 UTC 2024","Pollypump Manual Single Breast Pump"
"","B0839HY5ZS","Enrolment ended","Sat Sep 07 12:25:41 UTC 2024","JFA Medical Weekly Cylindrical Pill Box Organiser/Reminder for Medicines Supplements, Vitamins, 7days, 2 compartments per Day"
"","B08NRCZW29","Enrolment ended","Sat Sep 07 11:30:17 UTC 2024","Inksafe Black Tattoo Clip Cord Covers/Sleeves 5cm x 80cm - Box of 125"
"","B08NRNG137","Enrolment ended","Tue Aug 12 15:21:27 UTC 2025","Inksafe Tattoo Black Machine Bags/Covers 14cm x 14cm - Pack of 250"
"","B08NS16MYZ","Enrolment ended","Fri Sep 06 16:41:11 UTC 2024","Inksafe Tattoo Blue Machine Bags/Covers 14cm x 14cm - Pack of 250"
"","B08NSGCGH8","Enrolment ended","Tue Aug 12 15:33:54 UTC 2025","Inksafe Tattoo Blue Clipcord Sleeve/Cover Uncut Roll 5cm x 250m"
"","B08NSKVLSX","Enrolment ended","Tue Aug 12 14:51:45 UTC 2025","Inksafe Tattoo Black Clipcord Sleeve/Cover Uncut Roll 5cm x 250m"
"","B08NSQ2SNZ","Enrolment ended","Fri Sep 06 16:04:06 UTC 2024","Inksafe Tattoo Clear Bottle Covers 15cm x 25.5cm - Box of 250"
"","B08NSQFM5D","Enrolment ended","Fri Sep 06 16:11:14 UTC 2024","Inksafe Tattoo Black Bottle Covers 15cm x 25.5cm - Box of 250"
"","B08WS1RLH8","Enrolment ended","Tue Aug 12 15:11:09 UTC 2025","Knine Assorted Self-Adhesive Elastic Pet Cohesive Bandages Vet Wrap for Dogs 5cm x 4.5m - Box of 12"
"JF0114","B072FLV7ZZ","Enrolment ended","Tue Aug 12 14:54:44 UTC 2025","Pack of 100 Wooden Waxing Spatulas Wax Applicator Sticks/Wooden Tongue Depressors"
"JF0115","B084YYWW7B","Enrolment ended","Tue Aug 12 14:12:45 UTC 2025","JFA Medical Microporous Surgical Tape First Aid Medical Tape 1.25cm x 10m - Pack of 24 Rolls"
"JF0118","B01N1EMNFE","Enrolment ended","Sat Sep 07 12:08:39 UTC 2024","JFA Medical Blue Small Strip Plasters 19 x 38mm 100 Plasters Per Pack"
"JF0119","B01M9IBWSX","Enrolment ended","Tue Aug 12 14:19:15 UTC 2025","JFA Medical Blue Plasters 100 Plasters per Pack (Assorted (6 Sizes))"
"JF0120","B01N8UI2BK","Enrolment ended","Tue Aug 12 14:04:19 UTC 2025","JFA Medical Blue Plasters 100 Plasters per Pack (Medium (72 x 19mm))"
"JF0121","B01MD1QIWE","Enrolment ended","Tue Aug 12 14:01:13 UTC 2025","JFA Medical Blue Plasters 100 Plasters per Pack (Large (72 x 22mm))"
"JF0122","B01M6BC354","Enrolment ended","Tue Aug 12 15:10:24 UTC 2025","JFA Medical Fabric Assorted Plasters (6 Sizes) 100 Plasters per Pack"
"JF0128","B01M2C03ZE","Enrolment ended","Tue Aug 12 11:36:06 UTC 2025","JFA Washproof Assorted Plasters (6 Sizes) 100 Plasters Per Box"
"JF0129","B01M74YE5Y","Enrolment ended","Tue Aug 12 14:18:45 UTC 2025","JFA Washproof Medium Strip 19x72mm 100 Plasters Per Pack"
"JF0130","B01M6C625I","Enrolment ended","Tue Aug 12 14:19:13 UTC 2025","JFA Washproof Large Strip Plasters 22x72mm 100 per Pack"
"JF0140","B07NV3X8LF","Enrolment ended","Tue Aug 12 13:54:53 UTC 2025","JFA Medical Pack of 25 Adhesive Wound Dressings - Suitable for cuts, Scratches, abrasions and grazes (100mmx200mm)"
"JF0197","B01NA6RZSB","Enrolment ended","Fri Sep 06 15:32:48 UTC 2024","JFA Medical Conforming Bandage, Gauze Bandage Roll 7.5cm x 4m - Pack of 12"
"JF0234","B0DB2X1CRD","Enrolment ended","Sat Jul 26 13:52:55 UTC 2025","Cutiderm Small Round Spot Plasters 22 x 22mm 100 Plasters Per Box"
"JF0235","B0DB8QG7F3","Enrolment ended","Sat Jul 26 13:50:44 UTC 2025","Cutiderm Transparent Small Round Spot Plasters 22 x 22mm 200 Plasters Per Box"
"JF0781","B07T8B9QFG","Enrolment ended","Tue Aug 12 13:54:11 UTC 2025","Pack of 150 Sterile Bonnaqua Water Based Lubricant/Lubricating Gel/Jelly 5g Sachets"
"JF0797","B07N6NBXBX","Enrolment ended","Fri Aug 15 10:46:24 UTC 2025","Cutiderm Adhesive Sterile Wound Dressings Pack of 10 (80mm x 100mm)"
"JF0800","B07ZQLP8YJ","Enrolment ended","Tue Aug 12 15:12:05 UTC 2025","Inksafe Transparent Tattoo Protection Film 15cm x 10m x 1 Roll – Adhesive Aftercare Fixation Bandage for Fresh Tattoos"
"JF0859","B09BJYNW7R","Enrolment ended","Tue Aug 12 14:51:07 UTC 2025","Inksafe White Self Adherent Cohesive Bandages 5cm x 4.5m Box of 12 - Uses Include Vet Wrap, Tape for Wrist and Ankle Sprains"
"JF0874","B08NRMM28V","Enrolment ended","Sat Sep 07 11:32:08 UTC 2024","Inksafe Blue Tattoo Clip Cord Covers/Sleeves 5cm x 80cm - Box of 125"
"JF0878","B08B1QWJL5","Enrolment ended","Tue Aug 12 14:57:20 UTC 2025","Inksafe Blue Self Adherent Cohesive Bandages 7.5cm x 4.5m Box of 12 - Uses Include Vet Wrap, Tape for Human Wrist and Ankle Sprains and Sports Injuries"
"JF0879","B084HLSD8Q","Enrolment ended","Tue Aug 12 15:17:56 UTC 2025","Inksafe Black Self Adherent Cohesive Bandages 5cm x 4.5m Box of 12 - Uses Include Vet Wrap, Tape for Wrist and Ankle Sprains"
"JF0881","B084HL6993","Enrolment ended","Tue Aug 12 15:23:15 UTC 2025","Inksafe Assorted Colours Self Adherent Cohesive Bandages 5cm x 4.5m Box of 12 - Uses Include Vet Wrap, Tape for Wrist and Ankle Sprains"
"JF0882","B084TTXK4Q","Enrolment ended","Tue Aug 12 14:50:22 UTC 2025","Assorted Colours Self Adherent Cohesive Bandages 7.5cm x 4.5m Box of 12 - Uses Include Vet Wrap, Tape for Human Wrist and Ankle Sprains and Sports Injuries"
"JF0885","B08NCSY6ZD","Enrolment ended","Tue Aug 12 15:26:42 UTC 2025","Inksafe Blue Self Adherent Cohesive Bandages 10cm x 4.5m Box of 12 - Uses Include Vet Wrap, Tape for Human Wrist and Ankle Sprains and Sports Injuries"
"JF0886","B08NCGT1RR","Enrolment ended","Tue Aug 12 19:02:13 UTC 2025","Inksafe Black Self Adherent Cohesive Bandages 10cm x 4.5m Box of 12 - Uses Include Vet Wrap, Tape for Human Wrist and Ankle Sprains and Sports Injuries"
"JF0887","B08NC974TQ","Enrolment ended","Tue Aug 12 14:12:55 UTC 2025","Inksafe Assorted Colours Self Adherent Cohesive Bandages 10cm x 4.5m Box of 12 - Uses Include Vet Wrap, Tape for Human Wrist and Ankle Sprains and Sports Injuries"
"JF0890","B08M3G1JHK","Enrolment ended","Sat Sep 07 13:52:27 UTC 2024","Inksafe Protective Adhesive Barrier Film Roll Dispenser, 10cm x 15cm, 1200 sheets/roll - Medical, Dental, Tattoo, Beauty"
"JF0903","B0839LBBLD","Enrolment ended","Sat Sep 07 12:49:50 UTC 2024","Cutiderm Silicone Contact Layer Net Wound Dressing 50mm x 75mm Pack of 10 for Skin tears, Scars, Surgical Wounds, Ulcers and Burns"
"JF0916","B094W5FRRN","Enrolment ended","Sat Jul 26 14:32:04 UTC 2025","Snugfast Big Toe Tubular Gauze Bandage Dressing 2.7cm x 20m Roll"
"JF0918","B094MKH6YM","Enrolment ended","Tue Aug 12 15:01:50 UTC 2025","Cutiderm Calcium Alginate Low Adherent Wound Dressing 5cm x 5cm Pack of 10 - Suitable for cuts and lacerations, Post Surgical Wounds, exuding Wound Including venous, arterial and Diabetic ulcers"
"JF0920","B093QRD59S","Enrolment ended","Tue Aug 12 13:59:44 UTC 2025","Pack of 20 Cutiderm Sterile Paraffin Gauze Dressing 5cm x 5cm - Suitable for Superficial and Partial Thickness Burns, Skin Loss Wounds, abrasions and Traumatic Injuries"
"JF0923","B097PWLM3L","Enrolment ended","Tue Aug 12 14:58:45 UTC 2025","Cutiderm Assorted Adhesive Sterile Wound Dressings Pack of 30"
"JF0927","B096B7B614","Enrolment ended","Tue Aug 12 13:55:06 UTC 2025","Cutiderm Sterile Skin Wound Closure Suture Strips, 4 Sizes - 150 Strips"
"JF0938","B095FXJ2BB","Enrolment ended","Fri Aug 15 09:30:13 UTC 2025","Cutiderm Skin Sterile Butterfly Wound Closure Suture Strips, 2 Sizes - Box of 100"
"JF0945","B01M32PAHI","Enrolment ended","Sat Sep 07 14:09:53 UTC 2024","JFA Medical Green Haversack Emergency First Aid Bag with Front Pocket - Empty"
"JF0952","B08P5VD4V3","Enrolment ended","Tue Aug 12 14:12:14 UTC 2025","JFA Medical Premium Sterile Gauze Swabs 5cm x 5cm - Pack of 100"
"JF0953","B07PLGDR5R","Enrolment ended","Tue Aug 12 15:33:13 UTC 2025","JFA Medical Premium Sterile Gauze Swabs 7.5cm x 7.5cm - Pack of 100"
"JF0954","B07PHGBFQK","Enrolment ended","Tue Aug 12 14:13:24 UTC 2025","JFA Medical Premium Sterile Gauze Swabs 10cm x 10cm - Pack of 100"
"JF0956","B07RQWFC7L","Enrolment ended","Sat Sep 07 12:42:18 UTC 2024","JFA Medical Low Adherent Sterile Absorbent Wound Dressing Pad - Pack of 100 (7.5cm x 7.5cm)"
"JF0965","B07PT9CRDS","Enrolment ended","Sat Sep 07 13:03:01 UTC 2024","JFA Medical Weekly Small Travel Pill Box Organiser/Reminder for Medicines Supplements, Vitamins, 7days, 4 compartments per Day – Morning, Noon, Evening and Bed."
"JF0970","B08LP4XT83","Enrolment ended","Sat Sep 07 11:47:43 UTC 2024","JFA Medical Pill Grinder/Crusher - Crushes Multiple Tablets/Pills into a fine Powder"
"JF0972","B08LVX1LX7","Enrolment ended","Tue Aug 12 14:17:33 UTC 2025","JFA Supplies Drinking Cup/Beaker/Mug/Sippy Cup for Disabled Adults with Easy Grip Handles Anti Splash Spout and Travel Lid"
"JF0973","B086CD1M2G","Enrolment ended","Tue Aug 12 15:11:14 UTC 2025","Prosorb Super Absorbent Disposable Sick/Vomit Bags Pack of 20"
"JF0974","B07L4627TB","Enrolment ended","Sat Sep 07 12:01:42 UTC 2024","JFA Medical Disposable Pulp Sick Bowls – Pack of 50"
"JF0976","B083M5VDNX","Enrolment ended","Tue Aug 12 14:14:02 UTC 2025","JFA Medical Disposable Sick/Vomit Bags – Pack of 50"
"JF0982","B01M2BT92T","Enrolment ended","Sat Jul 26 16:50:22 UTC 2025","JFA Medical 5 x Individually Packaged Medical First Aid Foil Survival Blankets for personal use - reflective to maintain body heat"
"JF0989","B09FKNKKGV","Enrolment ended","Thu Aug 24 15:33:13 UTC 2023","Pack of 5, Luxura Shampoo Cap, Conditioning, No Rinse"
"JF0993","B09GYTN1P3","Enrolment ended","Sat Jul 26 14:22:12 UTC 2025","Cutiderm Sterile Adhesive Wound Dressing 10cm x 10cm - Box of 50"
"JF1006","B0996127G2","Enrolment ended","Tue Aug 12 15:29:06 UTC 2025","Inksafe Blue Self Adherent Cohesive Bandages 5cm x 4.5m Box of 12 - Uses Include Vet Wrap, Tape for Wrist and Ankle Sprains"
"JF1013","B09KLQF2QG","Enrolment ended","Tue Aug 12 15:04:38 UTC 2025","Cutiderm Microporous Surgical Tape First Aid Medical Tape 2.5cm x 9.14m - Pack of 6 Rolls"
"JF1016","B09KLW9M2C","Enrolment ended","Tue Aug 12 13:57:24 UTC 2025","Cutiderm Extra Thin Hydrocolloid Dressings 5 x 5 cm - Pack of 10"
"JF1022","B09GXL3PPB","Enrolment ended","Tue Aug 12 14:00:42 UTC 2025","Inksafe Black Protective Adhesive Barrier Film Roll Dispenser, 10cm x 15cm, 1200 sheets/roll - Medical, Dental, Tattoo, Beauty"
"JF1024","B07QP85PMF","Enrolment ended","Tue Aug 12 13:57:12 UTC 2025","Cutiderm Sterile Paraffin Gauze Dressing 10cm x 10cm Pack of 10"
"JF1026","B081QHZD7G","Enrolment ended","Tue Aug 12 13:55:15 UTC 2025","Cutiderm Calcium Alginate Low Adherent Wound Dressing 10cm x 10cm Pack of 10 - Suitable for cuts and lacerations, Post Surgical Wounds, exuding Wound Including venous, arterial and Diabetic ulcers"
"JF1037","B09NMM2MP1","Enrolment ended","Tue Aug 12 15:29:46 UTC 2025","Pack of 25 Snugfast White Finger Cots Buddies Tubular Bandage Dressings"
"JF1038","B09LTH3PCX","Enrolment ended","Tue Aug 12 13:55:02 UTC 2025","Cutiderm Sterile Paraffin Gauze Dressing 10cm x 20cm Pack of 10 - Suitable for Superficial and Partial Thickness Burns, Skin Loss Wounds, abrasions and Traumatic Injuries"
"JF1049","B09N7L9JQ7","Enrolment ended","Tue Aug 12 13:54:25 UTC 2025","Cutiderm Sterile Paraffin Gauze Dressing 7.5cm x 7.5cm Pack of 20"
"JF1061","B09NMMV7P8","Enrolment ended","Tue Aug 12 15:35:55 UTC 2025","Pack of 25 Snugfast Blue Finger Cots Buddies Tubular Bandage Dressings"
"JF1102","B0B4KPBH9T","Enrolment ended","Fri Sep 06 14:33:24 UTC 2024","JFA Medical Reusable Waterproof Shower Arm Cast Cover Protectors, Half Arm Box of 5"
"JF1103","B0B4KRRCKK","Enrolment ended","Fri Sep 06 14:29:31 UTC 2024","JFA Medical Box of 3 Reusable Waterproof Shower Leg Cast Cover Protectors, Half Leg"
"JF1129","B09X5M7W6J","Enrolment ended","Tue Aug 12 15:24:57 UTC 2025","Inksafe Pink Self Adherent Cohesive Bandages 5cm x 4.5m Box of 12 - Uses Include Vet Wrap, Tape for Wrist and Ankle Sprains"
"JF1153","B0BJY37L9D","Enrolment ended","Tue Aug 12 14:12:46 UTC 2025","Pack of 30 Snugfast Assorted Colour Finger Cots Buddies Tubular Bandage Dressings"
"JF1158","B0BJZ11ZMT","Enrolment ended","Fri Sep 06 15:45:35 UTC 2024","Snugfast Sterile Finger Bandage Wound Dressings Box of 25"
"JF1160","B0BKCF5ZJG","Enrolment ended","Tue Aug 12 16:18:02 UTC 2025","Cutiderm Sterile Adhesive Wound Dressing 5cm x 7.5cm - Box of 50"