jf_code,sku,product_id,image_url
HW0100,HW0100,3561,https://m.media-amazon.com/images/I/61lJDGMBlbL._AC_SL1500_.jpg
HW0101,HW0101,3562,https://m.media-amazon.com/images/I/71Gfle03I2L._AC_SL1500_.jpg
HW0102,HW0102,9453,https://m.media-amazon.com/images/I/717UmPuarBL._AC_SL1500_.jpg
HW0103,HW0103,3564,https://m.media-amazon.com/images/I/71-LTmtiRRL._AC_SL1500_.jpg
HW0105,HW0105,3566,https://m.media-amazon.com/images/I/71o31B7+4GL._AC_SL1500_.jpg
HW0106,HW0106,3569,https://m.media-amazon.com/images/I/711z+8Jn8vL._AC_SL1500_.jpg
HW0107,HW0107,3571,https://m.media-amazon.com/images/I/71gdNSMrlCL._AC_SL1500_.jpg
HW0108,HW0108,3572,https://m.media-amazon.com/images/I/61OOG7HnizL._AC_SL1500_.jpg
HW0109,HW0109,3573,https://m.media-amazon.com/images/I/711YBRV5EHL._AC_SL1500_.jpg
HW0110,HW0110,3574,https://m.media-amazon.com/images/I/71fAChp3tjL._AC_SL1500_.jpg
HW0111,HW0111,3575,https://m.media-amazon.com/images/I/716aIypblrL._AC_SL1500_.jpg
HW0112,HW0112,3576,https://m.media-amazon.com/images/I/71s3YKTxCuL._AC_SL1500_.jpg
HW0113,HW0113,3577,https://m.media-amazon.com/images/I/719VwsLp9PL._AC_SL1500_.jpg
HW0114,HW0114,3578,https://m.media-amazon.com/images/I/71Qzq1dwF7L._AC_SL1500_.jpg
HW0115,HW0115,8436,https://m.media-amazon.com/images/I/61RRDB+FA+L._AC_SL1500_.jpg
HW0116,HW0116,3579,https://m.media-amazon.com/images/I/61SP2fwRC-L._AC_SL1500_.jpg
HW0117,HW0117,8437,https://m.media-amazon.com/images/I/61RRDB+FA+L._AC_SL1500_.jpg
HW0119,HW0119,3582,https://m.media-amazon.com/images/I/61p69seCgKL._AC_SL1500_.jpg
HW0120,HW0120,3580,https://m.media-amazon.com/images/I/41adYdO5nrL.jpg
HW0121,HW0121,9572,https://m.media-amazon.com/images/I/81f1otNj-6L._AC_SL1500_.jpg
HW0122,HW0122,3553,https://m.media-amazon.com/images/I/71UmtMnc1EL.__AC_SX300_SY300_QL70_ML2_.jpg
HW0123,HW0123,3552,https://m.media-amazon.com/images/I/71fOJ84gGsL._AC_SL1500_.jpg
HW0125,HW0125,3550,
HW0126,HW0126,3549,https://m.media-amazon.com/images/I/312Ubg0UZ+L.jpg
HW0127,HW0127,8444,https://m.media-amazon.com/images/I/31QMLUpW+sL.jpg
HW0128,HW0128,8443,https://m.media-amazon.com/images/I/61zdB-lmOeL._AC_SL1500_.jpg
HW0129,HW0129,3547,https://m.media-amazon.com/images/I/61hOvWbTz5L._AC_SL1500_.jpg
HW0130,HW0130,3548,https://m.media-amazon.com/images/I/61hOvWbTz5L._AC_SL1500_.jpg
HW0131,HW0131,3546,https://m.media-amazon.com/images/I/71vFGnsglBL._AC_SL1500_.jpg
HW0133,HW0133,8441,https://m.media-amazon.com/images/I/31IcJhQi40L.jpg
HW0134,HW0134,3544,https://m.media-amazon.com/images/I/71k5UgyZ6zL._AC_SL1500_.jpg
HW0135,HW0135,9465,https://m.media-amazon.com/images/I/61ynuiV9EEL._AC_SL1500_.jpg
HW0138,HW0138,3539,https://m.media-amazon.com/images/I/71VosGs3bCL._AC_SL1500_.jpg
HW0139,HW0139,3540,https://m.media-amazon.com/images/I/71VosGs3bCL._AC_SL1500_.jpg
HW0140,HW0140,3560,https://m.media-amazon.com/images/I/71HabNTMSfL._AC_SL1500_.jpg
HW0141,HW0141,8450,https://m.media-amazon.com/images/I/71QzEw-b9aL._AC_SL1500_.jpg
HW0142,HW0142,8449,https://m.media-amazon.com/images/I/71lTABB2I7L._AC_SL1500_.jpg
HW0144,HW0144,3538,https://m.media-amazon.com/images/I/31NVc9kuyfL.jpg
HW0146,HW0146,3558,https://www.hangerworld.com/pub/media/catalog/product/c/h/ch-30-top-black-2-web_593_1_1.jpg
HW0149,HW0149,9725,https://m.media-amazon.com/images/I/31orWVnNpQL.jpg
HW0150,HW0150,9699,https://m.media-amazon.com/images/I/61c5JsdRHKL._AC_SL1500_.jpg
HW0151,HW0151,3568,https://m.media-amazon.com/images/I/61Pg+ETcdsL._AC_SL1500_.jpg
HW0152,HW0152,3570,https://m.media-amazon.com/images/I/71u1MtJMDaL._AC_SL1500_.jpg
HW0155,HW0155,3427,https://m.media-amazon.com/images/I/71xwQKDEbjL._AC_SL1500_.jpg
HW0159,HW0159,8451,https://m.media-amazon.com/images/I/61Pg+ETcdsL._AC_SL1500_.jpg
HW0161,HW0161,8452,https://m.media-amazon.com/images/I/712E0a74FGL._AC_SL1500_.jpg
HW0163,HW0163,4048,https://m.media-amazon.com/images/I/71ONrUHgwzL._AC_SL1500_.jpg
HW0164,HW0164,4112,https://m.media-amazon.com/images/I/81BnKXu0+RL._AC_SL1500_.jpg
HW0167,HW0167,8457,https://m.media-amazon.com/images/I/71I7z6BzVwL._AC_SL1500_.jpg
HW0168,HW0168,9277,https://m.media-amazon.com/images/I/71PteE7Hh5L._AC_SL1500_.jpg
HW0195,HW0195,9599,https://m.media-amazon.com/images/I/71ogTxYen4L._AC_SL1500_.jpg
HW0230,HW0230,8510,https://m.media-amazon.com/images/I/41U5+PQN+-L.jpg
HW0231,HW0231,9613,https://m.media-amazon.com/images/I/71SIyJu8lWL._AC_SL1500_.jpg
HW0233,HW0233,8513,https://m.media-amazon.com/images/I/71Tm3uh0xRL._AC_SL1500_.jpg
HW0234,HW0234,8514,https://m.media-amazon.com/images/I/31LbjTe3bdL.jpg
HW0235,HW0235,8515,https://m.media-amazon.com/images/I/71I6nOfZ7jL._AC_SL1500_.jpg
HW0240,HW0240,8520,https://m.media-amazon.com/images/I/714yaSOSmXL._AC_SL1500_.jpg
HW0241,HW0241,8521,https://m.media-amazon.com/images/I/71DY+0nC3+L._AC_SL1500_.jpg
HW0242,HW0242,8519,https://m.media-amazon.com/images/I/714yaSOSmXL._AC_SL1500_.jpg
HW0265,HW0265,8528,https://m.media-amazon.com/images/I/41uxpCiRiDL.jpg
HW0266,HW0266,8536,https://m.media-amazon.com/images/I/61S2I7WgYOL.__AC_SY300_SX300_QL70_ML2_.jpg
HW0267,HW0267,8527,https://m.media-amazon.com/images/I/71dMQ8PnRCL._AC_SL1500_.jpg
HW0277,HW0277,3373,
HW0281,HW0281,8632,https://m.media-amazon.com/images/I/61YAqqgpn6L._AC_SL1500_.jpg
HW0282,HW0282,8633,https://m.media-amazon.com/images/I/61YAqqgpn6L._AC_SL1500_.jpg
HW0284,HW0284,8541,https://m.media-amazon.com/images/I/41tUjEkbpzL.jpg
HW0286,HW0286,8635,https://m.media-amazon.com/images/I/41XglSbB09L.jpg
HW0287,HW0287,9201,https://m.media-amazon.com/images/I/71jEhcoqsXL._AC_SL1500_.jpg
HW0289,HW0289,8638,https://m.media-amazon.com/images/I/71plKcFPl1L._AC_SL1500_.jpg
HW0290,HW0290,9210,https://m.media-amazon.com/images/I/71plKcFPl1L._AC_SL1500_.jpg
HW0291,HW0291,8640,https://m.media-amazon.com/images/I/71AJL8fnnJL._AC_SL1500_.jpg
HW0294,HW0294,9202,https://m.media-amazon.com/images/I/51AVZOd0ZGL._AC_.jpg
HW0295,HW0295,3031,https://m.media-amazon.com/images/I/91oPBHFj5eL._AC_SL1500_.jpg
HW0296,HW0296,9394,https://m.media-amazon.com/images/I/51IKZIKRUVL.jpg
HW0299,HW0299,8549,https://m.media-amazon.com/images/I/41bYGYtt2BL._AC_.jpg
HW0300,HW0300,8548,https://m.media-amazon.com/images/I/51HBbsiBBoL.__AC_SY300_SX300_QL70_ML2_.jpg
HW0301,HW0301,8550,https://m.media-amazon.com/images/I/81Lcu4KicFL._AC_SL1500_.jpg
HW0306,HW0306,3201,https://m.media-amazon.com/images/I/71yfc8MDC3L._AC_SL1500_.jpg
HW0307,HW0307,8647,https://m.media-amazon.com/images/I/71hjU3rivLL._AC_SL1500_.jpg
HW0311,HW0311,8651,https://m.media-amazon.com/images/I/81SLBN4vMML.__AC_SX300_SY300_QL70_ML2_.jpg
HW0315,HW0315,8612,https://m.media-amazon.com/images/I/41xKfeCPLWL.jpg
HW0316,HW0316,3213,https://m.media-amazon.com/images/I/71SpQv9rF8L.__AC_SX300_SY300_QL70_ML2_.jpg
HW0317,HW0317,8614,https://m.media-amazon.com/images/I/61+YRiy7eLL._AC_SL1500_.jpg
HW0318,HW0318,3214,https://m.media-amazon.com/images/I/613tP3B6zcL._AC_SX569_.jpg
HW0320,HW0320,8617,https://m.media-amazon.com/images/I/31up3DfesdL.jpg
HW0323,HW0323,8620,https://m.media-amazon.com/images/I/61B3WWwgNoL.__AC_SX300_SY300_QL70_ML2_.jpg
HW0324,HW0324,8621,https://m.media-amazon.com/images/I/61B3WWwgNoL._AC_SL1500_.jpg
HW0327,HW0327,9732,https://m.media-amazon.com/images/I/7101LlQ+MfL._AC_SY300_SX300_.jpg
HW0330,HW0330,9730,https://m.media-amazon.com/images/I/61YHjeLWNyL._AC_SL1500_.jpg
HW0334,HW0334,8658,https://m.media-amazon.com/images/I/41AblkRZ8mL.jpg
HW0335,HW0335,8553,https://m.media-amazon.com/images/I/817Qz2MhKNL._AC_SL1500_.jpg
HW0339,HW0339,9579,https://m.media-amazon.com/images/I/31keAIq4inL._AC_.jpg
HW0341,HW0341,8558,https://m.media-amazon.com/images/I/41KgYKiH4rL._AC_.jpg
HW0344,HW0344,8661,https://m.media-amazon.com/images/I/71zvKeQ86IL.jpg
HW0346,HW0346,8663,https://m.media-amazon.com/images/I/717qn3xCE4L.jpg
HW0347,HW0347,8664,https://m.media-amazon.com/images/I/61IaoPPQfFL.__AC_SX300_SY300_QL70_ML2_.jpg
HW0348,HW0348,8665,https://m.media-amazon.com/images/I/51y-yytUHqL.__AC_SX300_SY300_QL70_ML2_.jpg
HW0351,HW0351,8668,https://m.media-amazon.com/images/I/71zVfxwQ1pL._AC_SL1500_.jpg
HW0352,HW0352,8669,https://m.media-amazon.com/images/I/71DrwzPYecL.__AC_SX300_SY300_QL70_ML2_.jpg
HW0353,HW0353,8670,https://m.media-amazon.com/images/I/61KJJswk-bL.__AC_SX300_SY300_QL70_ML2_.jpg
HW0356,HW0356,3310,https://m.media-amazon.com/images/I/718Jm0NzM4L._AC_SL1500_.jpg
HW0357,HW0357,8674,https://m.media-amazon.com/images/I/61UxEWQQiiL.__AC_SX300_SY300_QL70_ML2_.jpg
HW0358,HW0358,8675,https://m.media-amazon.com/images/I/71Cs7a9wIIL.__AC_SX300_SY300_QL70_ML2_.jpg
HW0359,HW0359,8560,https://m.media-amazon.com/images/I/515uHpmKgGL.jpg
HW0368,HW0368,8683,https://m.media-amazon.com/images/I/319mwoa6tTL.jpg
HW0369,HW0369,8684,https://m.media-amazon.com/images/I/31sxqA+jPuL.jpg
HW0370,HW0370,8685,https://m.media-amazon.com/images/I/61DubZZA6WL._AC_SL1500_.jpg
HW0371,HW0371,8686,https://m.media-amazon.com/images/I/61zn+fOFM-L._AC_SL1500_.jpg
HW0372,HW0372,8625,https://m.media-amazon.com/images/I/61R06ffc-SL._AC_SL1500_.jpg
HW0373,HW0373,8626,https://m.media-amazon.com/images/I/515zBMWYtXL._AC_.jpg
HW0378,HW0378,8563,https://m.media-amazon.com/images/I/61Lq7Qy7VQL._AC_SL1500_.jpg
HW0380,HW0380,8690,https://m.media-amazon.com/images/I/61fkqOqDROL._AC_SL1500_.jpg
HW0381,HW0381,8565,https://m.media-amazon.com/images/I/71B1P4ZswFL._AC_SL1500_.jpg
HW0383,HW0383,8570,https://m.media-amazon.com/images/I/81X9fKhriCL._AC_SL1500_.jpg
HW0385,HW0385,8572,https://m.media-amazon.com/images/I/81Iodq-GznL._AC_SL1500_.jpg
HW0386,HW0386,8573,https://m.media-amazon.com/images/I/711ACNBEQ-L._AC_SL1500_.jpg
HW0388,HW0388,9657,https://m.media-amazon.com/images/I/61m2kDbyPXL._AC_SL1500_.jpg
HW0389,HW0389,8576,https://m.media-amazon.com/images/I/61Cud6CQUfS._AC_SL1500_.jpg
HW0392,HW0392,8691,https://m.media-amazon.com/images/I/81siv2jyKZL._AC_SL1500_.jpg
HW0393,HW0393,5819,https://m.media-amazon.com/images/I/51ISJ55tdBL.__AC_SX300_SY300_QL70_ML2_.jpg
HW0395,HW0395,9980,https://m.media-amazon.com/images/I/61z62ROoF+L._AC_SL1500_.jpg
HW0399,HW0399,9429,https://m.media-amazon.com/images/I/61YQY-drk+L._AC_SL1500_.jpg
HW0402,HW0402,8587,https://m.media-amazon.com/images/I/61eE0DPw8cL._AC_SL1500_.jpg
HW0403,HW0403,8693,https://m.media-amazon.com/images/I/711HNLvMv9L._AC_SL1500_.jpg
HW0406,HW0406,9442,https://m.media-amazon.com/images/I/71zAnvW8RsL._AC_SL1500_.jpg
HW0407,HW0407,8591,https://m.media-amazon.com/images/I/61mhpLqDecL._AC_SL1500_.jpg
HW0411,HW0411,8595,https://m.media-amazon.com/images/I/61bm706tewL.jpg
HW0416,HW0416,8600,https://m.media-amazon.com/images/I/21mhXf6dr6L.jpg
HW0418,HW0418,8602,https://m.media-amazon.com/images/I/61NKiRzFC0L._AC_SL1500_.jpg
HW0419,HW0419,8603,https://m.media-amazon.com/images/I/61+ewWSIeEL._AC_SL1500_.jpg
HW0420,HW0420,8604,https://m.media-amazon.com/images/I/71u4GxcGvML._AC_SL1500_.jpg
HW0422,HW0422,8606,https://m.media-amazon.com/images/I/41UncM0r21L.jpg
HW0424,HW0424,8608,https://m.media-amazon.com/images/I/31KDwA7288L.jpg
HW0434,HW0434,8566,https://m.media-amazon.com/images/I/71qiW4PkxHL._AC_SL1251_.jpg
HW0436,HW0436,8567,https://m.media-amazon.com/images/I/71uZHoz-qoL._AC_SL1251_.jpg
HW0438,HW0438,8701,https://m.media-amazon.com/images/I/4107zNpkoGL.jpg
HW0439,HW0439,8702,https://m.media-amazon.com/images/I/71Wv2TdQQDL.jpg
HW0440,HW0440,8703,https://m.media-amazon.com/images/I/51PDfUG-0TL._AC_.jpg
HW0441,HW0441,8704,https://m.media-amazon.com/images/I/71aTBLzWCzL._AC_SL1500_.jpg
HW0444,HW0444,8698,https://m.media-amazon.com/images/I/71M5wuuaobL._AC_SL1500_.jpg
HW0445,HW0445,8699,https://m.media-amazon.com/images/I/71M5wuuaobL._AC_SL1500_.jpg
HW0446,HW0446,9296,https://m.media-amazon.com/images/I/71M5wuuaobL._AC_SL1500_.jpg
HW0459,HW0459,8716,https://m.media-amazon.com/images/I/81a906RTzjL._AC_SL1500_.jpg
HW0461,HW0461,9981,https://m.media-amazon.com/images/I/61P7hmZifZL._AC_SL1500_.jpg
HW0462,HW0462,8719,https://m.media-amazon.com/images/I/717gm6G-vGL.__AC_SX300_SY300_QL70_ML2_.jpg
HW0463,HW0463,8720,https://m.media-amazon.com/images/I/71dVpfNhPlL._AC_SL1500_.jpg
HW0465,HW0465,8722,https://m.media-amazon.com/images/I/61clVN82c7L._AC_SL1500_.jpg
HW0467,HW0467,3999,https://m.media-amazon.com/images/I/71M5wuuaobL._AC_SL1500_.jpg
HW0468,HW0468,9396,https://m.media-amazon.com/images/I/81Li3POI39L._AC_SL1500_.jpg
HW0470,HW0470,8727,https://m.media-amazon.com/images/I/71Xz32iJBCL._AC_SL1500_.jpg
HW0471,HW0471,3022,https://m.media-amazon.com/images/I/711XeH6b5pL._AC_SL1500_.jpg
HW0472,HW0472,8728,https://m.media-amazon.com/images/I/81UVewqEHvL._AC_SL1500_.jpg
HW0473,HW0473,9443,https://m.media-amazon.com/images/I/81gcrTbiv7L._AC_SL1500_.jpg
HW0474,HW0474,9441,https://m.media-amazon.com/images/I/51RAGPZ164L.jpg
HW0475,HW0475,9408,https://m.media-amazon.com/images/I/71BQWq5XwkL._AC_SL1500_.jpg
HW0476,HW0476,9528,https://m.media-amazon.com/images/I/71v2f16D-vL._AC_SL1500_.jpg
HW0477,HW0477,3447,https://m.media-amazon.com/images/I/31oyg5vNtJL.jpg
HW0478,HW0478,3435,https://m.media-amazon.com/images/I/41KSgF-mkUL._AC_.jpg
HW0479,HW0479,9439,https://m.media-amazon.com/images/I/81EcauD1+gL._AC_SL1500_.jpg
HW0480,HW0480,4249,https://m.media-amazon.com/images/I/816K4sHoigL._AC_SL1500_.jpg
HW0481,HW0481,9477,https://m.media-amazon.com/images/I/91CKF-NEnXL._AC_SL1500_.jpg
HW0482,HW0482,10752,
HW0483,HW0483,9511,https://m.media-amazon.com/images/I/61ZQPNCRviL._AC_SL1500_.jpg
HW0484,HW0484,8721,https://m.media-amazon.com/images/I/51KYfDlGBbL._AC_SL1500_.jpg
HW0485,HW0485,3344,https://m.media-amazon.com/images/I/718lY7MObBL._AC_SL1500_.jpg
HW0486,HW0486,9379,https://m.media-amazon.com/images/I/81FtuKopddL._AC_SL1500_.jpg
HW0487,HW0487,10592,
HW0488,HW0488,9521,https://m.media-amazon.com/images/I/61rvR-5GY+L._AC_SL1500_.jpg
HW0489,HW0489,3431,https://m.media-amazon.com/images/I/31a254GNwIL._AC_.jpg
HW0490,HW0490,9395,https://m.media-amazon.com/images/I/61lSDb-u3RL.jpg
HW0493,HW0493,9496,https://m.media-amazon.com/images/I/91eKbCFUzML._AC_SL1500_.jpg
HW0495,HW0495,9444,https://m.media-amazon.com/images/I/31SkxsykIqL.jpg
HW0496,HW0496,9378,https://m.media-amazon.com/images/I/817pK0SmY7L._AC_SL1500_.jpg
HW0513,HW0513,9380,https://m.media-amazon.com/images/I/71Qzq1dwF7L._AC_SL1500_.jpg
HW0523,HW0523,3426,https://m.media-amazon.com/images/I/61L4kF-jC8L._AC_SL1500_.jpg
HW0526,HW0526,9513,https://m.media-amazon.com/images/I/616XFMcOIBL._AC_SL1500_.jpg
HW0527,HW0527,9698,https://m.media-amazon.com/images/I/31ZRkO-YVjL.jpg
HW0536,HW0536,9411,https://m.media-amazon.com/images/I/71brngE4dBL.__AC_SX300_SY300_QL70_ML2_.jpg
HW0538,HW0538,9404,https://m.media-amazon.com/images/I/617yMaXNZDL._AC_SL1500_.jpg
HW0546,HW0546,9419,https://m.media-amazon.com/images/I/714kn345uoL._AC_SL1500_.jpg
HW0569,HW0569,9254,https://m.media-amazon.com/images/I/31AhFOREbXL.jpg
HW0571,HW0571,9426,https://m.media-amazon.com/images/I/31AhFOREbXL.jpg
HW0585,HW0585,5672,https://m.media-amazon.com/images/I/61odxhCFG4L._AC_SL1500_.jpg
HW0588,HW0588,9731,https://m.media-amazon.com/images/I/51Bn1behtQL._AC_SL1500_.jpg
HW0596,HW0596,9452,https://m.media-amazon.com/images/I/81RtDEfsQuL._AC_SL1500_.jpg
HW0607,HW0607,3110,https://m.media-amazon.com/images/I/41DeKNuKVoL.jpg
HW0608,HW0608,9329,https://m.media-amazon.com/images/I/716Ilr45dyL._AC_SL1500_.jpg
HW0609,HW0609,9326,https://m.media-amazon.com/images/I/716Ilr45dyL._AC_SL1500_.jpg
HW0613,HW0613,9433,https://m.media-amazon.com/images/I/71yQg-wnX-L._AC_SL1500_.jpg
HW0621,HW0621,9298,https://m.media-amazon.com/images/I/71DY+0nC3+L._AC_SL1500_.jpg
HW0628,HW0628,9381,https://m.media-amazon.com/images/I/61VwEpurV6L._AC_SL1500_.jpg
HW0629,HW0629,9437,https://m.media-amazon.com/images/I/61VwEpurV6L._AC_SL1500_.jpg
HW0630,HW0630,3007,https://m.media-amazon.com/images/I/81nFKF1L7OL._AC_SL1500_.jpg
HW0633,HW0633,9438,https://m.media-amazon.com/images/I/21Bw1wT8xlL.jpg
HW0642,HW0642,9498,https://m.media-amazon.com/images/I/51EaD6vjTGL._AC_SL1500_.jpg
HW0643,HW0643,9618,https://m.media-amazon.com/images/I/31vE2OpP+BL.jpg
HW0649,HW0649,9357,https://m.media-amazon.com/images/I/61IGHp-en5L.__AC_SX300_SY300_QL70_ML2_.jpg
HW0655,HW0655,9464,https://m.media-amazon.com/images/I/81fYdM6mo8L._AC_SL1500_.jpg
HW0671,HW0671,9485,https://m.media-amazon.com/images/I/61-81NTRSAL._AC_SL1500_.jpg
HW0688,HW0688,9711,https://m.media-amazon.com/images/I/71ogTxYen4L._AC_SL1500_.jpg
HW0697,HW0697,9361,https://m.media-amazon.com/images/I/81VRgg2CtOL._AC_SL1500_.jpg
HW0724,HW0724,3107,https://m.media-amazon.com/images/I/71J0MvCPucL._AC_SL1500_.jpg
HW0732,HW0732,9534,https://m.media-amazon.com/images/I/61W4uG04BuL._AC_SL1500_.jpg
HW0736,HW0736,9537,https://m.media-amazon.com/images/I/71GYPV6jzaL._AC_SL1500_.jpg
HW0737,HW0737,9901,https://m.media-amazon.com/images/I/71UwnyodvOL._AC_SL1500_.jpg
HW0740,HW0740,3137,https://m.media-amazon.com/images/I/61x-mCSam4L.__AC_SX300_SY300_QL70_ML2_.jpg
HW0741,HW0741,3138,https://m.media-amazon.com/images/I/61PH7hSk1NL._AC_SL1500_.jpg
HW0742,HW0742,3109,https://m.media-amazon.com/images/I/71PcZ45h4JL._AC_SL1500_.jpg
HW0745,HW0745,9540,https://m.media-amazon.com/images/I/71J4H+jjbjL._AC_SL1500_.jpg
HW0750,HW0750,9455,https://m.media-amazon.com/images/I/71HFI13sTeL._AC_SL1500_.jpg
HW0751,HW0751,9354,https://m.media-amazon.com/images/I/71HFI13sTeL._AC_SL1500_.jpg
HW0752,HW0752,9214,https://m.media-amazon.com/images/I/71HFI13sTeL._AC_SL1500_.jpg
HW0753,HW0753,9364,https://m.media-amazon.com/images/I/71HFI13sTeL._AC_SL1500_.jpg
HW0754,HW0754,9213,https://m.media-amazon.com/images/I/71HFI13sTeL._AC_SL1500_.jpg
HW0755,HW0755,9294,https://m.media-amazon.com/images/I/71HFI13sTeL._AC_SL1500_.jpg
HW0761,HW0761,3455,https://m.media-amazon.com/images/I/71q6is9Is5L._AC_SL1500_.jpg
HW0766,HW0766,9550,https://m.media-amazon.com/images/I/718lY7MObBL._AC_SL1500_.jpg
HW0773,HW0773,3116,https://m.media-amazon.com/images/I/41KUUpEn3mL.jpg
HW0776,HW0776,9558,https://m.media-amazon.com/images/I/818IeITiu+L._AC_SL1500_.jpg
HW0794,HW0794,9376,https://m.media-amazon.com/images/I/71PccFW12sL._AC_SL1500_.jpg
HW0817,HW0817,9360,https://m.media-amazon.com/images/I/71EYQIYqcfL._AC_SL1500_.jpg
HW0827,HW0827,9600,https://m.media-amazon.com/images/I/61n7zmM+GaL._AC_SL1500_.jpg
HW0838,HW0838,9359,https://m.media-amazon.com/images/I/71wJGyDYQ0L._AC_SL1500_.jpg
HW0845,HW0845,9377,https://m.media-amazon.com/images/I/71A2LOzPhVL._AC_SL1500_.jpg
HW0864,HW0864,9635,https://m.media-amazon.com/images/I/615YPiso66L._AC_SL1500_.jpg
HW0870,HW0870,9383,https://m.media-amazon.com/images/I/615SxviByzL._AC_SL1500_.jpg
HW0894,HW0894,9356,https://m.media-amazon.com/images/I/61FNG6xJBlL._AC_SL1500_.jpg
HW0899,HW0899,9664,https://m.media-amazon.com/images/I/71yvbuggAXL._AC_SL1500_.jpg
HW0940,HW0940,9375,https://m.media-amazon.com/images/I/71lTABB2I7L._AC_SL1500_.jpg
HW1079,HW1079,9697,https://m.media-amazon.com/images/I/71CGTYxteML._AC_SL1500_.jpg
HW1097,HW1097,9993,https://m.media-amazon.com/images/I/91cA4MTY2jL._AC_SL1500_.jpg
HW1102,HW1102,10077,https://m.media-amazon.com/images/I/71-7i+7to3L._AC_SL1500_.jpg
JF0114,JF0114,2414,
JF0115,JF0115,2631,
JF0116,JF0116,2554,
JF0117,JF0117,2632,
JF0118,JF0118,2742,
JF0119,JF0119,2453,
JF0120,JF0120,2586,
JF0121,JF0121,2452,
JF0122,JF0122,2455,
JF0128,JF0128,2927,
JF0129,JF0129,2465,
JF0130,JF0130,2466,
JF0132,JF0132,2267,
JF0134,JF0134,10659,
JF0136,JF0136,2269,
JF0138,JF0138,2270,
JF0140,JF0140,2923,
JF0141,JF0141,2914,
JF0143,JF0143,2856,
JF0144,JF0144,2420,
JF0145,JF0145,2587,
JF0146,JF0146,2588,
JF0147,JF0147,2365,
JF0149,JF0149,2364,
JF0151,JF0151,2456,
JF0153,JF0153,2459,
JF0156,JF0156,2457,
JF0158,JF0158,2732,
JF0159,JF0159,2464,https://m.media-amazon.com/images/I/61buKpRO7hL._AC_SL1500_.jpg
JF0163,JF0163,2461,
JF0164,JF0164,2946,
JF0166,JF0166,2920,https://m.media-amazon.com/images/I/71k8iSInWYL._AC_SL1500_.jpg
JF0168,JF0168,2454,https://m.media-amazon.com/images/I/71Sjn5iytFL._AC_SL1500_.jpg
JF0170,JF0170,2544,https://om.mintsoft.co.uk/Image/GetImage/617
JF0176,JF0176,1910,
JF0186,JF0186,2435,
JF0187,JF0187,2434,
JF0189,JF0189,10644,
JF0193,JF0193,2373,
JF0197,JF0197,2206,
JF0202,JF0202,2271,
JF0204,JF0204,2735,
JF0206,JF0206,2272,
JF0208,JF0208,2366,
JF0214,JF0214,2379,
JF0216,JF0216,2378,
JF0219,JF0219,2377,
JF0220,JF0220,2450,
JF0230,JF0230,9712,https://m.media-amazon.com/images/I/81xozFB5nHL._AC_SL1500_.jpg
JF0233,JF0233,9826,https://m.media-amazon.com/images/I/81kmt1d-vCL._AC_SL1500_.jpg
JF0234,JF0234,9934,https://m.media-amazon.com/images/I/81OhO2UQXtL._AC_SL1500_.jpg
JF0235,JF0235,9957,
JF0781,JF0781,2212,
JF0784,JF0784,2216,
JF0787,JF0787,2243,https://m.media-amazon.com/images/I/71Ai92b9yFL._AC_SL1500_.jpg
JF0789,JF0789,2947,
JF0791,JF0791,2489,https://m.media-amazon.com/images/I/8114y4RJExL._AC_SL1500_.jpg
JF0792,JF0792,2487,
JF0795,JF0795,10657,https://m.media-amazon.com/images/I/81mJAvhXpuL._AC_SL1500_.jpg
JF0797,JF0797,2831,https://m.media-amazon.com/images/I/81de6-5DzIL._AC_SL1500_.jpg
JF0799,JF0799,2818,https://m.media-amazon.com/images/I/61EzGigye+L._AC_SL1500_.jpg
JF0800,JF0800,2343,
JF0850,JF0850,2342,https://m.media-amazon.com/images/I/71WxjuIFnJL.__AC_SX300_SY300_QL70_ML2_.jpg
JF0859,JF0859,2330,
JF0874,JF0874,2341,
JF0876,JF0876,3634,https://m.media-amazon.com/images/I/91RiP3j228L._AC_SL1500_.jpg
JF0878,JF0878,10642,
JF0879,JF0879,10070,https://m.media-amazon.com/images/I/912iv+Iy1+L._AC_SL1500_.jpg
JF0880,JF0880,10641,
JF0881,JF0881,2326,https://m.media-amazon.com/images/I/91tVsvMf4hL._AC_SL1500_.jpg
JF0882,JF0882,10643,
JF0883,JF0883,10050,
JF0884,JF0884,2335,
JF0885,JF0885,10647,
JF0886,JF0886,2321,
JF0887,JF0887,10646,
JF0888,JF0888,10071,
JF0890,JF0890,2346,
JF0891,JF0891,2830,
JF0892,JF0892,3604,https://m.media-amazon.com/images/I/81v+sEvuMML._AC_SL1500_.jpg
JF0894,JF0894,2217,
JF0895,JF0895,2733,
JF0898,JF0898,2240,
JF0899,JF0899,2241,
JF0903,JF0903,2246,https://m.media-amazon.com/images/I/81RU5O8iEcL._AC_SX679_.jpg
JF0910,JF0910,2255,
JF0915,JF0915,2521,
JF0916,JF0916,2526,
JF0918,JF0918,2239,https://m.media-amazon.com/images/I/81D604hO0NL._AC_SL1500_.jpg
JF0920,JF0920,2245,https://m.media-amazon.com/images/I/81AlXelDRBL._AC_SL1500_.jpg
JF0923,JF0923,2235,https://m.media-amazon.com/images/I/81SdQhHPUaL._AC_SL1500_.jpg
JF0927,JF0927,2770,https://m.media-amazon.com/images/I/81PR2QP-FbL._AC_SY450_.jpg
JF0933,JF0933,2730,
JF0934,JF0934,10648,
JF0938,JF0938,2817,
JF0945,JF0945,2295,
JF0947,JF0947,2297,
JF0948,JF0948,2300,
JF0949,JF0949,2308,
JF0951,JF0951,3482,
JF0952,JF0952,2370,
JF0953,JF0953,2371,
JF0954,JF0954,10737,
JF0955,JF0955,2273,
JF0956,JF0956,2825,
JF0957,JF0957,2901,
JF0960,JF0960,2764,https://m.media-amazon.com/images/I/81K8joDYOOL._AC_SL1500_.jpg
JF0961,JF0961,2237,
JF0962,JF0962,2236,
JF0965,JF0965,2925,
JF0966,JF0966,2444,
JF0968,JF0968,2448,
JF0969,JF0969,9373,
JF0970,JF0970,2449,https://m.media-amazon.com/images/I/71TGZYgdTjL._AC_SL1500_.jpg
JF0971,JF0971,2815,
JF0972,JF0972,2816,
JF0973,JF0973,2912,
JF0974,JF0974,2528,
JF0975,JF0975,2204,
JF0976,JF0976,2584,
JF0979,JF0979,2363,
JF0982,JF0982,3481,
JF0984,JF0984,2570,
JF0985,JF0985,2409,
JF0988,JF0988,9402,
JF0989,JF0989,9403,https://m.media-amazon.com/images/I/81n-ftlarYL._AC_SL1500_.jpg
JF0993,JF0993,2234,https://m.media-amazon.com/images/I/81rdkJ8eaFL._AC_SL1500_.jpg
JF0994,JF0994,2248,
JF0997,JF0997,2249,
JF1006,JF1006,2327,
JF1007,JF1007,10649,
JF1008,JF1008,2494,
JF1010,JF1010,2729,
JF1013,JF1013,2257,
JF1016,JF1016,2723,https://m.media-amazon.com/images/I/81-6-EOBS3L._AC_SL1500_.jpg
JF1018,JF1018,2242,https://m.media-amazon.com/images/I/81jv5L7BrNL._AC_SL1500_.jpg
JF1020,JF1020,2583,https://m.media-amazon.com/images/I/817A++9Y18L._AC_SL1500_.jpg
JF1022,JF1022,2345,
JF1024,JF1024,2720,https://m.media-amazon.com/images/I/817HqsR+nML._AC_SL1500_.jpg
JF1026,JF1026,2238,https://m.media-amazon.com/images/I/71TB86EmDUL._AC_SL1500_.jpg
JF1028,JF1028,2725,https://m.media-amazon.com/images/I/81oEqfnSxDL._AC_SL1500_.jpg
JF1030,JF1030,2724,https://m.media-amazon.com/images/I/812Gugsxp-L._AC_SL1500_.jpg
JF1032,JF1032,2416,
JF1037,JF1037,2523,
JF1038,JF1038,2721,https://m.media-amazon.com/images/I/91KpFDtAGrL._AC_SY300_SX300_QL70_ML2_.jpg
JF1040,JF1040,10747,
JF1042,JF1042,2215,
JF1046,JF1046,2744,
JF1049,JF1049,2722,https://m.media-amazon.com/images/I/81Ukw4Yi9KL._AC_SL1500_.jpg
JF1051,JF1051,2244,https://m.media-amazon.com/images/I/71ISXH+As7L._AC_SL1500_.jpg
JF1053,JF1053,2907,https://m.media-amazon.com/images/I/81QvCxO1GOL._AC_SL1500_.jpg
JF1054,JF1054,2274,
JF1058,JF1058,2525,
JF1059,JF1059,2524,
JF1060,JF1060,2497,
JF1061,JF1061,2522,
JF1064,JF1064,2254,https://om.mintsoft.co.uk/Image/GetImage/232
JF1065,JF1065,2186,
JF1069,JF1069,2851,https://m.media-amazon.com/images/I/81KQTKOrAhL._AC_SL1500_.jpg
JF1080,JF1080,2485,
JF1081,JF1081,2853,
JF1086,JF1086,2247,https://m.media-amazon.com/images/I/81q8Lvrb+uL._AC_SL1500_.jpg
JF1089,JF1089,2828,
JF1092,JF1092,2545,
JF1098,JF1098,10192,
JF1099,JF1099,3632,https://m.media-amazon.com/images/I/512oUNqrEYL.jpg
JF1100,JF1100,72,
JF1101,JF1101,2151,
JF1102,JF1102,2577,
JF1103,JF1103,2578,
JF1107,JF1107,2495,
JF1110,JF1110,2580,
JF1112,JF1112,2574,
JF1113,JF1113,2575,
JF1115,JF1115,2919,
JF1120,JF1120,2415,
JF1127,JF1127,2369,
JF1129,JF1129,2328,https://m.media-amazon.com/images/I/91TZDtRnJ5L._AC_SL1500_.jpg
JF1136,JF1136,9316,https://m.media-amazon.com/images/I/71dD6TKiX4L._SL1500_.jpg
JF1137,JF1137,2355,
JF1138,JF1138,2358,https://om.mintsoft.co.uk/Image/GetImage/266
JF1139,JF1139,9317,https://m.media-amazon.com/images/I/7196sRVtlhL._SL1500_.jpg
JF1140,JF1140,9318,https://m.media-amazon.com/images/I/71Or4Z5ufmL._SL1500_.jpg
JF1141,JF1141,2356,
JF1142,JF1142,2354,
JF1143,JF1143,2357,
JF1144,JF1144,2359,
JF1145,JF1145,2360,
JF1146,JF1146,2948,
JF1147,JF1147,3489,
JF1149,JF1149,3490,
JF1151,JF1151,3491,
JF1153,JF1153,3478,
JF1154,JF1154,9295,https://m.media-amazon.com/images/I/71R5sHRc8oL._AC_SL1500_.jpg
JF1158,JF1158,3480,
JF1160,JF1160,3479,https://m.media-amazon.com/images/I/71K05aDJD-L._AC_SL1500_.jpg
JF1162,JF1162,2949,
JF1164,JF1164,2950,
JF1166,JF1166,2951,
JF1168,JF1168,2952,
JF1170,JF1170,2953,
JF1177,JF1177,9944,https://m.media-amazon.com/images/I/613dNYiedbL._AC_SL1500_.jpg
JF1178,JF1178,9288,https://m.media-amazon.com/images/I/61BHD8kmotL._AC_SL1500_.jpg
JF1188,JF1188,3628,https://m.media-amazon.com/images/I/51nL4t8ThFL.jpg
JF1189,JF1189,2741,
JF1190,JF1190,3487,https://m.media-amazon.com/images/I/71wUDBcL-UL._AC_SX679_.jpg
JF1191,JF1191,3626,
JF1192,JF1192,2296,
JF1198,JF1198,2380,
JF1201,JF1201,3603,https://m.media-amazon.com/images/I/71snP3GLcML._AC_SL1500_.jpg
JF1202,JF1202,9209,https://m.media-amazon.com/images/I/71NaSgTPKcL._AC_SL1500_.jpg
JF1204,JF1204,9289,https://m.media-amazon.com/images/I/611D1XU-SQL._AC_SL1500_.jpg
JF1205,JF1205,10196,
JF1206,JF1206,9291,https://m.media-amazon.com/images/I/61nAadLqloL._AC_SL1500_.jpg
JF1207,JF1207,10195,
JF1211,JF1211,3633,https://m.media-amazon.com/images/I/51jT84qP3pL._AC_SX679_.jpg
JF1213,JF1213,2962,https://m.media-amazon.com/images/I/71SC2f7sxBL._AC_SL1500_.jpg
JF1217,JF1217,3483,https://m.media-amazon.com/images/I/71rnZNZ5VnL._SL1500_.jpg
JF1218,JF1218,3484,https://m.media-amazon.com/images/I/81n9Kl1XLoL._SL1500_.jpg
JF1219,JF1219,3607,https://m.media-amazon.com/images/I/91VphuIa9-L._AC_SL1500_.jpg
JF1220,JF1220,3608,https://m.media-amazon.com/images/I/81zbq6yNR4L._AC_SL1500_.jpg
JF1221,JF1221,3501,
JF1222,JF1222,3502,
JF1223,JF1223,3503,
JF1225,JF1225,3586,https://m.media-amazon.com/images/I/61CeT4pyauL._AC_SL1250_.jpg
JF1230,JF1230,9363,https://m.media-amazon.com/images/I/8111+AU48IL._AC_SL1500_.jpg
JF1233,JF1233,3613,
JF1234,JF1234,10460,
JF1235,JF1235,3619,https://m.media-amazon.com/images/I/711m8nqCRnL._SL1250_.jpg
JF1236,JF1236,3620,https://m.media-amazon.com/images/I/71uziSj5zcL._SL1250_.jpg
JF1237,JF1237,3621,https://m.media-amazon.com/images/I/81jiYA1RS5L._SL1500_.jpg
JF1238,JF1238,3617,https://m.media-amazon.com/images/I/81cqROlsE0L._SL1500_.jpg
JF1239,JF1239,3622,https://m.media-amazon.com/images/I/81P4xxpfneL._SL1500_.jpg
JF1240,JF1240,10462,
JF1241,JF1241,3623,https://m.media-amazon.com/images/I/81tLvqNv4ML._SL1500_.jpg
JF1242,JF1242,10461,
JF1259,JF1259,9303,https://m.media-amazon.com/images/I/71PYpux+NlL._AC_SY300_SX300_.jpg
JF1260,JF1260,9319,https://m.media-amazon.com/images/I/613rvKx44XL._AC_SL1250_.jpg
JF1261,JF1261,9960,https://m.media-amazon.com/images/I/81fU2mgH3dL._SL1500_.jpg
JF1262,JF1262,9961,https://m.media-amazon.com/images/I/71EuyBTNmKL._SL1500_.jpg
JF1264,JF1264,10323,
JF1265,JF1265,10448,https://m.media-amazon.com/images/I/71Oj5ALXpRL._SL1500_.jpg
JF1266,JF1266,9350,https://m.media-amazon.com/images/I/719OSq7vGzL._SL1500_.jpg
JF1276,JF1276,9984,
JF1277,JF1277,9454,https://m.media-amazon.com/images/I/71lihOLuWdL._AC_SL1500_.jpg
JF1278,JF1278,9447,https://m.media-amazon.com/images/I/71vvtqyaZlL._SL1500_.jpg
JF1279,JF1279,9448,https://m.media-amazon.com/images/I/71CfasH0EdL._SL1500_.jpg
JF1280,JF1280,9449,https://m.media-amazon.com/images/I/71Cu-OTNG3L._SL1500_.jpg
JF1281,JF1281,9450,https://m.media-amazon.com/images/I/71MhqhgOWDL._SL1250_.jpg
JF1282,JF1282,9985,https://m.media-amazon.com/images/I/714XxSVxS4L._SL1500_.jpg
JF1283,JF1283,9451,https://m.media-amazon.com/images/I/71286JKxerL._SL1500_.jpg
JF1284,JF1284,9680,https://m.media-amazon.com/images/I/61gKvntd0nL._SL1500_.jpg
JF1285,JF1285,9677,https://m.media-amazon.com/images/I/51aMKCCQmCL.jpg
JF1286,JF1286,9678,https://m.media-amazon.com/images/I/41QD0JQFhBL._SY445_SX342_QL70_ML2_.jpg
JF1287,JF1287,9679,https://m.media-amazon.com/images/I/71VG+4NvA6L._SL1500_.jpg
JF1289,JF1289,9754,https://m.media-amazon.com/images/I/710tr0uweGL._AC_SL1500_.jpg
JF1291,JF1291,9756,https://m.media-amazon.com/images/I/71JCpDPbAWL.__AC_SX300_SY300_QL70_ML2_.jpg
JF1294,JF1294,9760,https://m.media-amazon.com/images/I/71xGdlT+IeL._AC_SL1500_.jpg
JF1295,JF1295,9761,https://m.media-amazon.com/images/I/71dzvmeH5nL._AC_SL1500_.jpg
JF1302,JF1302,9775,https://m.media-amazon.com/images/I/71+X4xXbfUL._AC_SL1500_.jpg
JF1303,JF1303,9776,
JF1305,JF1305,9782,https://c.media-amazon.com/images/I/71R2ohNZ20L._AC_SL1250_.jpg
JF1313,JF1313,10194,https://m.media-amazon.com/images/I/81xAb82LajL._AC_SL1500_.jpg
JF1314,JF1314,9792,https://m.media-amazon.com/images/I/81nkB0XxCxL._AC_SL1500_.jpg
JF1315,JF1315,10272,https://m.media-amazon.com/images/I/71VWKVyUgyL._AC_SX679_.jpg
JF1316,JF1316,10270,
JF1317,JF1317,10273,https://m.media-amazon.com/images/I/81yv1GXB4qL._AC_SL1500_.jpg
JF1323,JF1323,9803,https://m.media-amazon.com/images/I/81NBEOJLiKL._AC_SL1500_.jpg
JF1324,JF1324,9804,https://m.media-amazon.com/images/I/716ESxJHy3L._AC_SL1500_.jpg
JF1327,JF1327,9953,https://m.media-amazon.com/images/I/71eMImkc2HL._SL1500_.jpg
JF1328,JF1328,9954,https://m.media-amazon.com/images/I/71Z2-zO0KIL._SL1500_.jpg
JF1329,JF1329,9955,https://m.media-amazon.com/images/I/71hcRdy-LML._SL1500_.jpg
JF1330,JF1330,9956,https://m.media-amazon.com/images/I/71lFqaK8ZWL._SL1500_.jpg
JF1331,JF1331,10436,https://m.media-amazon.com/images/I/81Aht7dRo4L._SL1500_.jpg
JF1333,JF1333,10036,https://m.media-amazon.com/images/I/81EXxvx+7eL._AC_SL1500_.jpg
JF1335,JF1335,10037,https://m.media-amazon.com/images/I/71ifKiVFP5L._AC_SL1500_.jpg
JF1336,JF1336,10014,https://m.media-amazon.com/images/I/71skJVFXxqL._AC_SL1500_.jpg
JF1337,JF1337,10645,
JF1338,JF1338,10068,https://m.media-amazon.com/images/I/61RP63S4vjL._SL1500_.jpg
JF1339,JF1339,10175,https://m.media-amazon.com/images/I/81iYrYrNhgL._AC_SL1500_.jpg
JF1340,JF1340,10174,https://m.media-amazon.com/images/I/81vnxzVprTL._AC_SL1500_.jpg
JF1341,JF1341,10173,https://m.media-amazon.com/images/I/81FpM+48RyL._AC_SL1500_.jpg
JF1342,JF1342,10172,https://m.media-amazon.com/images/I/815MYpiFaWL._AC_SL1500_.jpg
JF1351,JF1351,10211,https://m.media-amazon.com/images/I/711dNnxB72L._AC_SL1500_.jpg
JF1353,JF1353,10202,https://m.media-amazon.com/images/I/71Nmd5eZ-bL._AC_SL1500_.jpg
JF1355,JF1355,10203,https://m.media-amazon.com/images/I/71Pk3RfIxrL._AC_SL1500_.jpg
JF1357,JF1357,10204,https://m.media-amazon.com/images/I/71Syu6m59AL._AC_SL1500_.jpg
JF1359,JF1359,10205,https://m.media-amazon.com/images/I/81YmypUMNaL._AC_SX679_.jpg
JF1361,JF1361,10212,https://m.media-amazon.com/images/I/715fBpAX6RL._AC_SL1500_.jpg
JF1363,JF1363,10213,https://m.media-amazon.com/images/I/714RsU5eRxL._AC_SL1500_.jpg
JF1365,JF1365,10259,https://m.media-amazon.com/images/I/81IBP0jj6EL._AC_SL1500_.jpg
JF1367,JF1367,10314,https://m.media-amazon.com/images/I/81SyRwKV5ML._AC_SX679_.jpg
JF1368,JF1368,10315,https://m.media-amazon.com/images/I/81E4omZxcjL.__AC_SX300_SY300_QL70_ML2_.jpg
JF1369,JF1369,10316,https://m.media-amazon.com/images/I/81j9XIuH0gL.__AC_SX300_SY300_QL70_ML2_.jpg
JF1370,JF1370,10317,https://m.media-amazon.com/images/I/81jUmM4AKFL.__AC_SX300_SY300_QL70_ML2_.jpg
JF1371,JF1371,10318,https://m.media-amazon.com/images/I/91aZSdE5B5L.__AC_SX300_SY300_QL70_ML2_.jpg
JF1372,JF1372,10319,https://m.media-amazon.com/images/I/81k4IFpYnjL.__AC_SX300_SY300_QL70_ML2_.jpg
JF1373,JF1373,10320,https://m.media-amazon.com/images/I/91-P3WEagKL._AC_SX679_.jpg
JF1374,JF1374,10321,https://m.media-amazon.com/images/I/81m5Gw8YeqL.__AC_SX300_SY300_QL70_ML2_.jpg
JF1375,JF1375,10263,https://m.media-amazon.com/images/I/81CZSomqQ6L._AC_SL1500_.jpg
JF1376,JF1376,10407,https://m.media-amazon.com/images/I/7178dmgOVwL._AC_SL1500_.jpg
JF1377,JF1377,10398,https://m.media-amazon.com/images/I/81isuFs7xZL._AC_SL1500_.jpg
JF1378,JF1378,10399,https://m.media-amazon.com/images/I/81nfv6gtGqL._AC_SL1500_.jpg
JF1380,JF1380,10454,https://m.media-amazon.com/images/I/71tNI4f3LuL._AC_SY300_SX300_QL70_ML2_.jpg
JF1382,JF1382,10459,https://m.media-amazon.com/images/I/81mJJjVjOCL._AC_SL1500_.jpg
JF1383,JF1383,10455,"https://m.media-amazon.com/images/I/71KWNWUsY3L._AC_SX679_PIbundle-70,TopRight,0,0_SH20_.jpg"
JF1384,JF1384,10456,https://m.media-amazon.com/images/I/41RIUGQ3GeL._SS60_.jpg
JF1385,JF1385,10457,https://m.media-amazon.com/images/I/41zcCZ5WD7L._SS60_.jpg
JF1386,JF1386,10458,https://m.media-amazon.com/images/I/4185p8yFiRL._SS60_.jpg
JF1390,JF1390,10472,https://m.media-amazon.com/images/I/61h+9zIABIL._AC_SX679_.jpg
JF1391,JF1391,10468,https://m.media-amazon.com/images/I/41qPwvMPcZL._SS60_.jpg
JF1392,JF1392,10469,https://m.media-amazon.com/images/I/41cbHAUXu3L._SS60_.jpg
JF1393,JF1393,10470,https://m.media-amazon.com/images/I/41jqmr868PL._SS60_.jpg
JF1394,JF1394,10471,https://m.media-amazon.com/images/I/41B54rttdqL._SS60_.jpg
JF1400,JF1400,10720,https://m.media-amazon.com/images/I/81EHYva3OYL._AC_SL1500_.jpg
JF1401,JF1401,10476,https://m.media-amazon.com/images/I/81Bkic9tP+L._AC_SL1500_.jpg
JF1402,JF1402,10477,https://m.media-amazon.com/images/I/71LhOVYTw-L._AC_SX679_.jpg
JF1403,JF1403,10719,https://m.media-amazon.com/images/I/81Yr3MppNVL._AC_SL1500_.jpg
JF1404,JF1404,10722,
JF1408,JF1408,10490,https://m.media-amazon.com/images/I/51Dh7+GfqkL._SS60_.jpg
JF1409,JF1409,10491,https://m.media-amazon.com/images/I/51RhDaFkJTL._SS60_.jpg
JF1410,JF1410,10492,https://m.media-amazon.com/images/I/51gcgkcCfeL._SS60_.jpg
JF1411,JF1411,10493,https://m.media-amazon.com/images/I/51XxKKkwjtL._SS60_.jpg
JF1412,JF1412,10494,https://m.media-amazon.com/images/I/517IF-6T9ML._SS60_.jpg
JF1417,JF1417,10565,https://m.media-amazon.com/images/I/81eL1hdQKHL._AC_SY300_SX300_QL70_ML2_.jpg
JF1418,JF1418,10830,
JF1441,JF1441,10623,https://m.media-amazon.com/images/I/81iFpkpxu1L._AC_SX679_.jpg
JF1471,JF1471,10669,https://m.media-amazon.com/images/I/71na7MgYs4L._AC_SL1500_.jpg
MH-SP_10,MH-SP,9952,
