id,name,1,2,3,4
1,JINLIANG,liliangjinqiu@aliyun.com,,,
2,SUNMED,kevin.zhao@szsunmed.com,,,
3,ZUCHE PHARMACEUTICALS,,,,
4,"Zhonghong Pulin Medical Products Co., LTD.",zhaoning@zhonghongpulin.cn,,,
5,"Zhejiang Yuekang Medical Appliance Co., LTD",info@youcareyk.com.cn,,,
6,"Zhejiang Leadershow Hometextile Co., Ltd",,,,
7,YPS (Yorkshire Packaging Supplies),,,,
8,"Yongkang Jujian Brush Co., Ltd.",,,,
9,Yoho Company Limited,Dennis.Qin@yohohangers.com,,,
10,YOHO,Dennis.Qin@yohohangers.com,,,
11,"Yercon Diagnostic Co., Ltd",eleven.xu@yerconlab.com,,,
12,"Yangzhou Yunhan Plastic Package Co.,Ltd",sales05@yunhan.ltd,,,
13,"Yangzhou Perfect Daily Chemicals Co., Ltd",,,,
14,Xuerui Imp and Exp Co Ltd,,,,
15,"Xiantao Hank Protective Products co.,ltd.",,,,
16,Xiamen Packrich Imp and Exp Co Ltd,sales2@packrich.com,,,
17,"Wuxi Guozhong Protective Film Co., Ltd",wxgzbhmyxgs@163.com,,,
18,"Wuhan Topmed Trading Co., Ltd",,,,
19,Woodvale Studios Ltd,,,,
20,Wishmoulds Plastic and Metal Ltd,johnson@plastic-moldings.com,,,
21,Williams Medical Supplies Ltd,,,,
22,VISTAPRINT,,,,
23,Viking Office UK Limited,,,,
24,Vernacare,,,,
25,Value Products Ltd,,,,
26,UNNU Limited,,,,
27,Uniglove,,,,
28,Ultipac,,,,
29,"Ullwin (Shangha) Industrial Co., Ltd",sharon.l@ullwin.com,,,
30,Turkuaz Medikal,export14@turkuazsaglik.com.tr,,,
31,Tristel Solutions Ltd,,,,
32,TAM PLASTIK,turkan.onur@tamhangers.com,,,
33,"Suzhou Sunmed Co., Ltd",kelly.shen@szsunmed.com,daisy.chen@szsunmed.com,kevin.zhao@szsunmed.com,
34,"Suzhou Quanjuda Purification Tech Co., Ltd",Isabel.li@allesd.com,,,
35,"Suzhou Delife Healthcare Co., Ltd",chenjun@haodymedical.com.cn,,,
36,Supplier2,,,,
37,Supplier1,,,,
38,Supermax Healthcare,,,,
39,Stocklot World Ltd,,,,
40,Steroplast Healthcare Ltd,,,,
41,SMALLWARES,,,,
42,SHOPFITTING WAREHOUSE,,,,
43,"Shenzhen Zhuoyue Crafts And Gifts Co., Ltd.",,,,
44,"Shenzhen Youyue Technology Co., Ltd",,,,
45,"Shenzhen AOJ Medical Technology Co., Ltd",fena.su@aojmedical.com,,,
46,SHAOXING RUIZHI METAL PRODUCTS CO.,,,,
47,"Shanghai Prema International Trade Co., Ltd.",,,,
48,Shanghai ISO Medical Products Co. LTD,gloria@zhende.com,,,
49,"Roosin Medical Co., Ltd",Zoe@roosin.com,,,
50,Robinson Healthcare Ltd.,,,,
51,Rennington,Shenyanmei@rennington.com.cn,,,
52,Regal,,,,
53,Raytek Industrial Limited,christina.chen@brightnonwoven.com,,,
54,R&D,,,,
55,Quartermaine Distribution,,,,
56,Qingdao Arisen Co Ltd DOLLARS,shangsen@arisen-ltd.com,,,
57,PPH MARC-TH M.I.B. Kaminscy sp. J.,,,,
58,Polyco,,,,
59,Plastod S.p.A.,,,,
60,PHP Pallets,,,,
61,Pharmaplast SAE,,,,
62,Parcelforce,,,,
63,Pal International Ltd,,,,
64,"Owentek Co., Ltd",salesc@owentek.net,,,
65,Owen Eyre Pallets Ltd,,,,
66,Office Store,,,,
67,Northern Label Systems,,,,
68,"Ninghai Real Plastic Mould Co., Ltd",jason@realmould.com,,,
69,"Ningbo Xiayu IMP. & EXP. CO., LTD",,,,
70,NINGBO PASSION,fjj@nbpassion.com.cn,,,
71,"Ningbo Likesgreen Industrial co., Ltd",ivy@likesgreen.com,,,
72,NINGBO DASHENG HANGER CO. LTD,,,,
73,Nexon,,,,
74,Newmen Medical,,,,
75,Mistry Medical Supplies Ltd,,,,
76,MEVO,sales@mevo.at,,,
77,Merlin,,,,
78,"Meizhou Meta San Metal Product Industries co., ltd",,,,
79,Meglio,,,,
80,MedUK Group Ltd,,,,
81,Medoffice Saglik Endustri A.S.,export2@medoffice.com.tr,,,
82,Medisave,,,,
83,Mediq (Bunzl Healthcare),,,,
84,Mauser UK Ltd,,,,
85,Longbow First Aid Products Manufactory,subella@chinalongbow.com,,,
86,"Lipu Dong Fang Wooden Articles Co., Ltd.",info@hangersfactorychina.com,,,
87,LINHAI JIAHAO HOME PRODUCT,,,,
88,KPCM Display Ltd,,,,
89,Kirkham Box Company Ltd,,,,
90,KINGPHAR MEDICAL MATERIAL CO. LTD,jenny@kingphar.cn,,,
91,Kays Medical Limited,,,,
92,Kays,,,,
93,Just Care,,,,
94,JINLIANG HOUSEWARES LIMITED,liliangjinqiu@aliyun.com,,,
95,Jianhui HK Industry Limited,anne@joghninsole.com,,,
96,"Jiangyin Sian Plastic Protech Co., Ltd.",sales2@cnsian.com,,,
97,"JIANGSU GUANGYI MEDICAL DRESSINGCO.,LTD",sophie@guangyi-med.com,,,
98,"Ji'an Zhicai Packing Products Co., Ltd",,,,
99,Jax First Aid,,,,
100,INTCO Medical,Joannali@intco.com,,,
101,Immanuel Industrial Company Limited,Immanuel.nb@aliyun.com,,,
102,Icepacks4less,,,,
103,Humphreys Pallets Limited,,,,
104,Home Health,,,,
105,HOESH,,,,
106,HNX,,,,
107,Health&Beyond Health Technology(Suzhou)Co.Ltd,sales10@healthandbeyond.cn,,,
108,Hartalega Holdings Berhad,,,,
109,Harrisons,,,,
110,HANGZHOU EVIA HOUSEHOLD TECHNOLOGY CO. LTD,sales01@evia.com.cn,,,
111,"Hangzhou Binhuang Textile Technology Co., Ltd",,,,
112,"Guilin Lovehome Household Articles Co., Ltd",,,,
113,Guilin Harvest CO. LTD,,,,
114,Guangzhou Junkai Cleaning Detergent Company,,,,
115,Guangxi Nanning Flight Supply Trading Co. Ltd,carol.chen@gxflight.com,,,
116,"Guangdong Nanyang Nonwoven Manufacture Co., Ltd",,,,
117,Greyland,,,,
118,Global Hangers Ltd,,,,
119,Gama,,,,
120,Fuzhou Fabricfun (MANFO),daniel.dong@fabricfun.cn,,,
121,Fourstones,,,,
122,FORMS PLUS,,,,
123,Foreu Corporation,rissa1254@hotmail.com,,,
124,Fast Pak,,,,
125,Eurofarm,sales.chiara.virgillito@eurofarm-spa.com,,,
126,"E-LINK PLASTIC & METAL IND. CO., LTD.",lucy@elink-pm.com,,,
127,EISHO,,,,
128,EIGHTY'S,,,,
129,"Dynamic Medical Supplies Co., Ltd.",nathan@dynamic-medical.com,,,
130,Durham Pharmaceuticals Ltd.,,,,
131,Duoyuan Pai Technology Co Ltd,,,,
132,Dorset Nursing Supplies,,,,
133,Dongguan Ruiying Technology,jason.zhang@ruiying-tech.com,,,
134,"Dongguan Nanyang Brilliant Nonwoven Technology Co., Ltd.",,,,
135,"Dongguan Chengsheng Gloves Purification Technology Co., Ltd.",,,,
136,"DongGuan CaiXun Plastic Product., LTD",,,,
137,Direct Paper Agents Ltd,,,,
138,DEPLA,,,,
139,Davpack,,,,
140,DASHENG,,,,
141,Crest,,,,
142,Cosmor,,,,
143,"Colorful View Co., LTD",export@colorfulview.com.tw,,,
144,CLOTHING RUNNER,,,,
145,Clean Supply,,,,
146,Citron Hygiene,,,,
147,CHASE POLYTHENE,,,,
148,"Changzhou Yuekang Medical Appliance Co.,Ltd",info@youcareyk.com.cn,,,
149,Changzhou Recoo Healthcare Co. Ltd,recoo_export@163.com,,,
150,Castle Packaging,,,,
151,"CANGNAN PERFECT BAGS CO.,LTD",,,,
152,Blueleaf,,,,
153,"Baoying County Fukang Medical Appliance Co., LTD.",gongzheng@china-fk.com,,,
154,"Anji Sunlight Import and Export Co., Ltd",stevenking801@163.com,,,
155,Anji Hengfend Sanitary Material,chenjun@haodymedical.com.cn,,,
156,Ana Wiz Limited,,,,
157,AMAZON,,,,
158,AM Labels,,,,
159,Adpak,,,,
160,ACHINO,,,,
161,Abel Commodities Hong Kong Limited,,,,
162,A2U Corporation Limited,sales2@china-a2u.cn,,,
163,A Distribution,,,,
164,"ZHEJIANG LONGQUAN FOREIGN TRADE CO., LTD.",kaitegao@longquan7.com,,,
165,LTD.,,,,
166,"NINGBO TAPE INDUSTRIAL CO., LTD.",sale6@tapeningbo.com,,,
